LOCATION,COUNTRY_NAME,TRACKERS
NY - New York (NYC),US,31714
CA - Los Angeles (LA),US,27279
CA - SF Bay Area,US,16593
IL - Chicago,US,13612
ON - Toronto,Canada,9342
WA - Seattle,US,8123
DC - Washington,US,8095
CO - Denver,US,7801
MA - Boston / Cambridge,US,7760
Mexico City,Mexico,6869
CA - San Diego,US,6772
QC - Montreal,Canada,6690
BC - Vancouver,Canada,6573
TX - Austin,US,6158
GA - Atlanta,US,6031
TX - Dallas - Fort Worth,US,5796
FL - Miami,US,5717
FL - Orlando,US,5172
PA - Philadelphia,US,4963
ON - Hamilton,Canada,4920
NV - Las Vegas,US,4859
OR - Portland,US,4704
ON - Saint Catharines,Canada,4189
FL - Fort Lauderdale,US,4131
NJ - Jersey City,US,3760
ON - Brampton,Canada,3671
TX - Houston,US,3620
MI - Detroit,US,3525
NC - Charlotte,US,3483
AZ - Phoenix,US,3397
ON - Oshawa,Canada,3391
TN - Nashville,US,3353
ON - Guelph,Canada,3328
BC - Nanaimo,Canada,3276
QC - Saint-JÃ©rÃ´me,Canada,2935
MN - Twin Cities,US,2778
UT - Salt Lake City,US,2716
Toluca,Mexico,2710
MD - Baltimore,US,2705
QC - Saint-Hyacinthe,Canada,2699
CA - Sacramento,US,2643
NJ - Newark,US,2493
PA - Pittsburgh,US,2407
FL - Tampa,US,2347
QC - Granby,Canada,2310
MO - Kansas City,US,2303
NY - Yonkers,US,2283
AZ - Scottsdale,US,2282
AZ - Glendale,US,2124
AZ - Mesa,US,2122
AZ - Chandler,US,2091
MO - St Louis,US,1985
WI - Milwaukee,US,1932
VA - Richmond,US,1910
IN - Indianapolis,US,1907
WA - Vancouver,US,1870
NY - Port Chester,US,1862
OH - Cleveland,US,1857
RI - Providence,US,1835
MA - Worcester,US,1825
CT - Bridgeport,US,1802
MA - Springfield,US,1635
TX - San Antonio,US,1620
OH - Cincinnati,US,1607
NC - Raleigh,US,1574
ON - Ottawa,Canada,1532
OH - Columbus,US,1504
TX - Tomball,US,1495
TX - Conroe,US,1470
AB - Calgary,Canada,1455
FL - St Petersburg,US,1436
CA - Orange County,US,1361
CA - Stockton,US,1357
SC - Columbia,US,1352
FL - Jacksonville,US,1322
MA - Foxborough,US,1307
TN - Knoxville,US,1303
LA - New Orleans,US,1300
TX - Plano,US,1288
WA - Tacoma,US,1210
Guadalajara,Mexico,1122
ON - Mississauga,Canada,1120
QC - QuÃ©bec,Canada,1088
ON - Kitchener,Canada,1056
NC - Durham,US,1053
NY - Pawling,US,958
MA - Salisbury,US,952
WI - Madison,US,951
VA - Leesburg,US,949
MI - Grand Rapids,US,934
PA - Ardmore,US,921
Monterrey,Mexico,920
NY - Amityville,US,870
ON - Brantford,Canada,839
OR - Salem,US,820
ON - Waterloo,Canada,815
NY - Rochester,US,788
NH - Manchester,US,786
AB - Edmonton,Canada,778
IL - Aurora,US,757
DE - Wilmington,US,743
CT - Clinton,US,724
KY - Louisville,US,721
NY - Buffalo,US,707
IA - Des Moines,US,680
BC - Victoria,Canada,654
KS - Wichita,US,650
KS - Overland Park,US,642
NH - Derry,US,632
GA - Woodstock,US,631
FL - Pasco County,US,628
OH - Akron,US,625
IL - St Charles,US,624
TX - Kemah,US,608
NV - Reno,US,608
ME - Portland,US,585
CT - Mashantucket,US,580
OK - Oklahoma City,US,576
PA - Wayne,US,558
WA - Spokane,US,558
NC - Western North Carolina,US,555
AZ - Tucson,US,548
CA - Santa Rosa,US,542
ON - Sudbury,Canada,541
CO - Colorado Springs,US,540
IL - Springfield,US,531
HI - Honolulu,US,514
NM - Albuquerque,US,503
TX - Georgetown,US,497
IN - Carmel,US,493
MA - Gloucester,US,491
ID - Boise,US,483
Playa del Carmen,Mexico,480
TX - Boerne,US,477
NE - Omaha,US,470
NC - Greensboro,US,467
NY - Mamaroneck,US,461
QC - MontÃ©rÃ©gie,Canada,454
OR - Silverton,US,446
VT - Burlington,US,443
CA - Bakersfield,US,442
PA - Bryn Mawr,US,440
MO - Chesterfield,US,439
VA - Norfolk,US,437
NY - West Nyack,US,437
AL - Birmingham,US,434
NC - Winston-Salem,US,415
MA - Webster,US,414
Queretaro,Mexico,411
BC - Kelowna,Canada,410
Cancun,Mexico,406
Cuernavaca,Mexico,388
MA - Marshfield,US,386
TN - Memphis,US,371
CA - Modesto,US,365
ON - London,Canada,355
NS - Halifax,Canada,350
VA - Manassas,US,341
OK - Tulsa,US,341
ON - Whitby,Canada,340
CA - Fresno,US,337
TX - El Paso,US,332
WY - Cheyenne,US,330
TX - Horseshoe Bay,US,329
Puebla,Mexico,303
CA - Riverside County,US,302
FL - Plant City,US,301
WI - Wisconsin Dells,US,300
FL - Deland,US,297
Tijuana,Mexico,291
FL - Saint Augustine Beach,US,285
NC - Burlington,US,283
CA - Palm Springs,US,282
FL - Tallahassee,US,282
VA - Newport News,US,280
NJ - New Jersey,US,280
CA - Santa Barbara County,US,278
KY - Lexington,US,278
NV - Henderson,US,266
NC - Fayetteville,US,264
GA - Fulton,US,262
GA - Augusta,US,255
MT - Billings,US,251
MB - Winnipeg,Canada,249
TX - Bastrop,US,240
TN - Chattanooga,US,240
CT - Norfolk,US,239
OR - Forest Grove,US,238
AL - Mobile,US,237
NE - Lincoln,US,234
FL - Cape Coral,US,233
AR - Rogers,US,222
TN - Maryville,US,219
NM - Santa Fe,US,216
LA - Baton Rouge,US,213
IL - Rockford,US,205
NY - Woodstock,US,204
CA - Ojai,US,204
ON - Peterborough,Canada,200
UT - Deer Valley,US,200
LeÃ³n,Mexico,199
CA - Goleta,US,198
TX - Brownsville,US,196
OH - Dayton,US,194
ON - Barrie,Canada,192
AR - Little Rock,US,188
PA - Stroudsburg,US,187
BC - Whistler,Canada,187
ND - Fargo,US,187
FL - Lake Worth,US,182
ON - Kingston,Canada,182
VA - Chesapeake,US,175
OH - Toledo,US,170
MÃ©rida,Mexico,162
NH - Exeter,US,162
ON - Windsor,Canada,162
NY - Beacon,US,160
NJ - Stanhope,US,154
MO - Springfield,US,153
SK - Saskatoon,Canada,153
TX - Royse City,US,147
TX - Lubbock,US,144
VA - Hopewell,US,143
Metepec,Mexico,141
NJ - Fairview,US,141
QC - Sherbrooke,Canada,139
AB - Medicine Hat,Canada,139
NE - Douglas County,US,139
IL - Champaign,US,138
QC - Drummondville,Canada,138
IN - Fort Wayne,US,137
VA - Doswell,US,132
MA - Methuen,US,131
FL - Homestead,US,131
OH - Thornville,US,130
NB - Moncton,Canada,129
VA - Ashburn,US,128
IL - Edwardsville,US,124
AL - Huntsville,US,121
FL - Safety Harbor,US,116
ON - Belleville,Canada,115
NJ - Bound Brook,US,114
MA - Great Barrington,US,113
TN - Gatlinburg,US,110
CA - Pioneertown,US,109
CT - Branford,US,107
TX - Spicewood,US,107
FL - Stuart,US,105
UT - Heber City,US,105
NJ - Newton,US,105
CO - Chautauqua,US,104
IL - Cook County,US,104
CT - Pomfret,US,102
Puerto Vallarta,Mexico,102
Oaxaca,Mexico,101
Nuevo LeÃ³n,Mexico,101
NY - Albany County,US,101
WV - Charles Town,US,101
MA - Salem,US,101
PA - Kennett Square,US,99
NJ - Frenchtown,US,99
ME - Brunswick,US,98
DC - Takoma,US,97
San Luis Potosi,Mexico,96
BC - Kamloops,Canada,96
TN - Columbia,US,93
PA - Millersville,US,93
Chihuahua,Mexico,93
TX - Corpus Christi,US,92
Morelia,Mexico,92
CA - Huntington,US,90
AK - Anchorage,US,89
ON - North Bay,Canada,89
GA - Smyrna,US,89
NH - Plymouth,US,89
CO - Dillon,US,88
CT - Hartford County,US,88
Aguascalientes,Mexico,88
ON - St Catharines,Canada,87
FL - Venice,US,86
NL - Newfoundland and Labrador,Canada,86
FL - Destin,US,86
VT - Montpelier,US,85
ON - Rama,Canada,85
NY - North Syracuse,US,84
CA - Boulder,US,84
OH - Warren,US,84
MS - Jackson,US,82
SK - Regina,Canada,82
NY - Brewster,US,82
NJ - Englewood Cliffs,US,82
VA - Winchester,US,81
NY - utica/syracuse,US,80
CA - Grass Valley,US,80
Ciudad JuÃ¡rez,Mexico,79
TX - Angleton,US,79
SD - Sioux Falls,US,79
Mexicali,Mexico,78
ME - Brownfield,US,78
"Leon, Guanajuato",Mexico,77
GA - Doraville,US,76
CT - New Haven County,US,76
Puebla de Zaragoza,Mexico,76
LA - Shreveport,US,75
TX - Richmond,US,75
QC - Trois-RiviÃ¨res,Canada,75
FL - Pensacola Beach,US,74
HI - Maui,US,74
Xochimilco,Mexico,74
NY - Cartwright,US,73
OR - Dundee,US,73
OH - Medina,US,73
OH - Ohio,US,72
GA - Tucker,US,72
VT - Vermont,US,71
NY - Chester,US,71
CA - Placerville,US,69
MD - Maryland,US,69
GA - Columbus,US,69
MO - Maplewood,US,68
Guanajuato,Mexico,67
NJ - Eatontown,US,67
DC - Kendall Green,US,67
NJ - Rahway,US,66
NV - South Lake Tahoe,US,66
GA - Douglasville,US,66
NY - Hudson,US,64
NY - Homer,US,64
TX - Texas,US,63
CO - Frisco,US,63
CA - Gilroy,US,62
NY - New Paltz,US,62
Tlaxcala,Mexico,61
FL - New Port Richey,US,61
Veracruz,Mexico,60
CT - Putnam,US,60
IN - Beanblossom,US,59
AZ - Queen Creek,US,59
CO - Snowmass Village,US,59
NY - Riverdale,US,59
CO - Castle Rock,US,59
Ciudad,Mexico,58
Cabo San Lucas,Mexico,58
IN - Hobart,US,58
CT - New Hartford,US,58
CA - Big Bear Lake,US,58
IL - Woodstock,US,57
NY - Waterloo,US,57
VA - Virginia,US,57
AB - Lethbridge,Canada,57
Cholula,Mexico,56
TX - Keller,US,56
FL - Bonita Springs,US,56
CA - Healdsburg,US,56
CA - Canyon Country,US,55
IL - Mchenry,US,55
MA - Nantucket,US,54
WV - Charleston,US,54
FL - Punta Gorda,US,54
VA - Fredericksburg,US,53
CO - Fairplay,US,53
NB - Fredericton,Canada,53
ID - Coeur D'Alene,US,53
AL - Montgomery,US,53
TX - Harris County,US,52
CO - Avon,US,52
MO - San Luis,US,52
NY - Nyack,US,52
KY - Florence,US,52
GA - Lawrenceville,US,52
Pachuca,Mexico,52
CA - Morro Bay,US,51
SC - Greenville-Anderson,US,51
NC - Hendersonville,US,51
CA - San Diego County,US,51
Xalapa,Mexico,51
NY - Tappan,US,50
CA - Saugus,US,50
Hermosillo,Mexico,50
MN - Northfield,US,50
Saltillo,Mexico,49
WA - King County,US,49
TX - Weatherford,US,49
CuliacÃ¡n,Mexico,49
CA - Montalvo,US,49
La Paz,Mexico,48
WI - Racine County,US,47
CA - Presidio,US,47
UT - Utah,US,45
WY - Jackson Hole,US,45
WI - Lake Geneva,US,45
NJ - Freehold,US,45
NJ - Butler,US,45
NC - New Hanover County,US,45
IL - Frankfort,US,44
VT - Brattleboro,US,44
PA - Saylorsburg,US,44
AZ - Maricopa,US,44
AB - Red Deer,Canada,44
ON - Sarnia,Canada,43
FL - Cocoa,US,43
PA - California,US,43
FL - Panama City Beach,US,43
TX - South Padre Island,US,43
CA - Perris,US,43
TX - Seabrook,US,43
AZ - Sedona,US,42
PA - West Chester,US,42
CO - Durango,US,42
NC - Black Mountain,US,42
MA - Worcester County,US,41
Acapulco,Mexico,41
Rosarito,Mexico,41
GA - East Point,US,41
TN - Knox County,US,40
Celaya,Mexico,40
NJ - Ocean City,US,40
FL - Key West,US,40
KY - Gethsemane,US,40
Tuxtla GutiÃ©rrez,Mexico,39
RI - Rhode Island,US,39
PA - Plains,US,39
NH - Dover,US,39
GA - Cumming,US,39
UT - South Ogden,US,39
SC - Isle of Palms,US,39
CO - Steamboat Springs,US,39
TorreÃ³n,Mexico,39
CA - Auburn,US,39
NJ - Asbury,US,38
OH - Cuyahoga County,US,38
UT - South Orem,US,38
NY - East Syracuse,US,38
NC - Brevard,US,37
NJ - Cape May,US,37
CA - Stevenson Ranch,US,37
OR - Albany,US,37
CO - Winter Park,US,37
NJ - Palisades Park,US,37
CA - Kern,US,37
CA - Rincon,US,36
Ensenada,Mexico,36
BC - Prince George,Canada,36
FL - Fort Walton Beach,US,35
IN - Notre Dame,US,35
MA - Scituate,US,35
FL - Oldsmar,US,35
NY - Montauk,US,35
SC - Myrtle Beach,US,35
MS - Oxford,US,35
FL - Manatee,US,35
MN - Minnesota,US,34
ME - maine,US,34
NJ - Secaucus,US,34
NH - Newmarket,US,33
IN - Angola,US,33
Zacatecas,Mexico,33
Villahermosa,Mexico,33
NJ - Summit,US,33
MA - Oak Bluffs,US,33
Chetumal,Mexico,32
AL - Gulf Shores,US,32
CO - Niwot,US,32
NJ - Brick,US,32
TX - Amarillo,US,32
IL - Lake Forest,US,32
OH - Morrow,US,32
NY - Lake Como,US,32
IL - Barrington,US,31
NJ - Hackensack,US,31
PA - Lititz,US,31
MazatlÃ¡n,Mexico,31
FL - Palm Springs,US,30
TN - Jacksboro,US,30
CO - Estes Park,US,30
NJ - Mountainside,US,30
IL - Plainfield,US,30
GA - Johns Creek,US,30
NJ - Upper Montclair,US,30
WA - Richland,US,29
MI - michigan,US,29
TX - Terrell,US,29
CA - Moorpark,US,29
TX - Lewis,US,29
NJ - Basking Ridge,US,29
CO - Nederland,US,29
GA - Dahlonega,US,29
CA - Menifee,US,29
MA - Pembroke,US,29
NY - Scarsdale,US,29
NY - Katonah,US,29
TX - Texas City,US,29
NJ - Fair Lawn,US,28
NY - Bronxville,US,28
NM - Taos,US,28
TX - Justin,US,28
UT - Sunset,US,28
ON - Thunder Bay,Canada,28
NJ - Livingston,US,27
NJ - Little Falls,US,27
WA - Port Townsend,US,27
UT - American Fork,US,27
TX - Laredo,US,27
PA - Norristown,US,27
WA - Lacey,US,26
CT - New Canaan,US,26
IL - Crystal Lake,US,26
OH - Summit County,US,26
TN - Tennessee,US,26
NJ - Somerset,US,26
Irapuato,Mexico,26
IL - Round Lake,US,26
OR - North Bend,US,26
NY - Croton-On-Hudson,US,25
CT - Newtown,US,25
MT - Whitefish,US,25
NY - Plattsburgh,US,25
Durango,Mexico,25
GA - Buford,US,25
SC - Easley,US,25
ID - Caldwell,US,25
IL - Glendale Heights,US,25
MO - Jefferson City,US,25
NY - Hastings-on-Hudson,US,25
CT - South Norwalk,US,25
MN - Red Wing,US,24
GA - Ellijay,US,24
PA - Allegheny County,US,24
CA - Lake Elsinore,US,24
NC - North Charleston,US,24
NJ - Voorhees,US,24
TX - Crowley,US,24
VT - Middlebury,US,24
IL - Lockport,US,24
FL - Vero Beach,US,24
MT - Gateway,US,24
NJ - Haddonfield,US,24
IL - Lisle,US,24
OH - Sandusky,US,23
FL - Davenport,US,23
TN - Shelby County,US,23
PA - Ambler,US,23
CA - Yucca Valley,US,23
KY - Richmond-Berea,US,23
NJ - Mount Laurel,US,23
FL - North Fort Myers,US,23
NY - Asbury Park,US,23
GA - Peachtree,US,22
MD - California,US,22
VA - Fairfax County,US,22
FL - Royal Palm Beach,US,22
WI - Spring Green,US,22
ID - Sandpoint,US,22
OK - Durant,US,22
CA - Santa Margarita,US,22
MA - Rutland,US,22
FL - Palm Beach County,US,22
OR - Marion County,US,22
MI - Utica,US,22
FL - North Palm Beach,US,22
NJ - Jamesburg,US,22
NJ - Iselin,US,22
IL - Gurnee,US,22
TX - Las Cruces,US,22
MI - Bay City,US,22
Reynosa,Mexico,22
GA - LaGrange,US,21
SC - Taylors,US,21
NJ - Plainfield,US,21
CA - Fallbrook,US,21
NY - Commack,US,21
MA - Andover,US,21
IL - Highwood,US,21
NB - Saint John,Canada,21
NJ - Bergen County,US,21
VA - Gainesville,US,21
IL - Algonquin,US,21
NY - Cambridge,US,21
UT - Lindon,US,21
NJ - Cranford,US,21
NE - Elkhorn,US,21
ID - Twin Falls,US,21
CO - Edwards,US,21
MT - Kalispell,US,21
IL - Rock Island,US,21
NJ - Bergenfield,US,21
MD - Bel Air,US,21
GA - georgia,US,21
NJ - Gloucester City,US,21
IN - Indiana,US,20
NY - Larchmont,US,20
VA - Stafford,US,20
MD - Anne Arundel County,US,20
NJ - Canden,US,20
WA - Ellensburg,US,20
OR - Oregon,US,20
NY - New City,US,20
Dolores Hidalgo,Mexico,20
NC - Noda,US,20
KY - Clarksville,US,20
NY - Colonie,US,20
NY - Dix Hills,US,20
NJ - Metuchen,US,20
Tepatitlan,Mexico,19
GA - Dalton,US,19
AZ - Pima County,US,19
FL - New Smyrna Beach,US,19
NJ - Wyckoff,US,19
VA - Albemarle County,US,19
NY - Bellmore,US,19
FL - Cocoa Beach,US,19
NY - Middletown,US,19
FL - lakeland polk county,US,19
CT - Scotland,US,19
NJ - Flemington,US,19
CA - Redwood,US,19
WI - Dane County,US,19
NJ - East Brunswick,US,19
CA - Tahoe,US,19
HI - Waipahu,US,19
SC - Bluffton,US,19
NY - Catskill,US,19
NY - Deer Park,US,18
NY - Northport,US,18
NY - Port Jefferson,US,18
MA - Pittsfield,US,18
MA - New England,US,18
WA - Walla Walla,US,18
QC - Rimouski,Canada,18
CO - Crested Butte,US,18
NY - Purchase,US,18
NH - Londonderry,US,18
NY - Pearl River,US,18
NY - Plainview,US,18
FL - Mount Dora,US,18
MA - Norwood,US,18
CA - Solvang,US,18
NJ - Parsippany,US,18
PA - Downingtown,US,18
NJ - Mahwah,US,18
NC - Pineville,US,18
Huixquilucan de Degollado,Mexico,18
WI - Greenbay,US,18
NY - Queensbury,US,18
SC - Greer,US,18
NY - Saratoga County,US,18
MO - Kirkwood,US,18
CO - Beaver Creek,US,18
FL - Clermont,US,18
WA - Wenatchee,US,18
NJ - Moorestown,US,18
GA - Suwanee,US,17
MN - Winona,US,17
CA - El Dorado,US,17
AB - Grande Prairie,Canada,17
IL - Roselle,US,17
IL - Vernon Hills,US,17
NJ - River Vale,US,17
NY - Ossining,US,17
NH - Meadowbrook,US,17
NJ - Belmar,US,17
CA - Northbridge,US,17
NJ - Rockaway,US,17
ID - Rexburg,US,17
CO - Timnath,US,17
TX - Gruene,US,17
NJ - Whippany,US,17
MI - Brighton,US,17
GA - College Park,US,17
IL - Buffalo Grove,US,17
DE - Lewes,US,17
Campeche,Mexico,17
NJ - Tenafly,US,17
"NL - Charlottetown, Prince Edward",Canada,17
IL - Yorkville,US,17
IL - Hanover Park,US,17
NY - Suffolk,US,17
Pachuca de Soto,Mexico,17
NJ - Hightstown,US,17
DC - Virginia,US,16
ON - Devonshire,Canada,16
NY - saratoga,US,16
Tecate,Mexico,16
OR - Astoria,US,16
PA - Jenkintown,US,16
NY - Belgium,US,16
MA - Dalton,US,16
PA - Richboro,US,16
NC - Mooresville,US,16
MO - Sunset Hills,US,16
NY - Smithtown,US,16
CT - Fort Collins,US,16
KS - Kansas,US,16
OR - Redmond,US,16
CA - Lake Arrowhead,US,16
Obregon,Mexico,16
MA - Leominster,US,16
UT - Saratoga Springs,US,16
MT - Helena,US,16
ME - Waterville,US,16
VA - Danville,US,16
Villa de Alvarez,Mexico,16
NJ - Hillsborough,US,15
CA - Canyon Lake,US,15
MA - Provincetown,US,15
CT - Old Lyme,US,15
NJ - Randolph,US,15
ON - Sault Ste Marie,Canada,15
NJ - West Deal,US,15
MN - Saint Paul,US,15
CO - Silverthorne,US,15
OH - Powell,US,15
PA - Newtown Square,US,15
PA - Plymouth Meeting,US,15
MA - Williamstown,US,15
GA - Hiram,US,15
IL - Great Lakes,US,15
CT - Wilton,US,15
NJ - Boonton,US,15
PA - Malvern,US,15
NJ - Northfield,US,15
Nogales,Mexico,15
PA - Media,US,15
NH - North Conway,US,15
FL - Daytona Beach Florida,US,15
MD - Frederick County,US,15
MD - Elkton,US,15
El Mante,Mexico,15
DC - Wilmington,US,15
FL - Riviera Beach,US,15
NM - New mexico,US,15
CO - Keystone,US,15
FL - Cape Canaveral,US,15
MN - Monticello,US,15
NY - Hopewell Junction,US,15
ME - Cumberland County,US,15
MA - Sudbury,US,15
NJ - Glassboro,US,15
VT - Stowe,US,14
GA - Dacula,US,14
NY - Seaford,US,14
FL - Melbourne Beach,US,14
OR - Grants Pass,US,14
LA - Des Moines,US,14
IL - Long Grove,US,14
TX - Waxahachie,US,14
IA - Iowa,US,14
NJ - Garfield,US,14
CA - Reedley,US,14
FL - Tarpon Springs,US,14
CT - Glastonbury,US,14
MA - Sturbridge,US,14
CA - Avalon,US,14
TX - New Caney,US,14
MA - East Falmouth,US,14
NJ - Marlton,US,14
VT - Killington,US,14
NC - Manteo,US,14
FL - Fernandina Beach,US,14
MA - Canton,US,14
SC - York,US,14
TN - Williamson,US,14
NY - Hyde Park,US,14
NY - Cohoes,US,14
MI - Grand Haven,US,14
CA - Beaumont,US,14
CT - Darien,US,14
NV - Virginia City,US,14
HI - Wahiawa,US,14
MI - Commerce Charter Township,US,14
Salamanca,Mexico,14
NV - Incline Village,US,14
WA - Snoqualmie,US,14
IN - Michigan City,US,14
NJ - Perth Amboy,US,14
SC - Hilton Head,US,14
TX - Anson,US,14
TX - Denton County,US,13
NE - Kearney,US,13
CO - Woodland Park,US,13
NY - Old Bethpage,US,13
CA - Carpinteria,US,13
WV - Martinsburg,US,13
OK - Goldsby,US,13
MA - Tewksbury,US,13
ME - Kittery,US,13
VA - Vinton,US,13
NY - Jones Beach,US,13
CA - El Centro,US,13
FL - Key Largo,US,13
CO - Larkspur,US,13
PA - Devon,US,13
NY - Dobbs Ferry,US,13
NC - Monroe,US,13
Cozumel,Mexico,13
OR - Hood River,US,13
Los Mochis,Mexico,13
NJ - Sea Bright,US,13
NJ - Bridgewater,US,13
VT - Bennington,US,13
IL - Cary,US,13
NJ - Middletown,US,13
Orizaba,Mexico,13
NJ - Sicklerville,US,13
MA - Hyannis Port,US,13
Jiutepec,Mexico,13
VA - Bristol,US,13
IL - East Peoria,US,13
MI - South Haven,US,13
MD - Cumberland,US,13
San Juan del RÃ­o,Mexico,13
VA - Spotsylvania,US,13
CA - Santa Paula,US,13
MA - Middlesex County,US,13
CÃ¡rdenas,Mexico,13
NC - Hickory,US,13
TX - Montgomery County,US,13
NY - Amsterdam,US,13
PA - Havertown,US,13
MO - Missouri,US,13
baja california,Mexico,13
MI - Spring Lake,US,13
VT - Essex,US,13
CA - Arroyo Grande,US,13
FL - Satellite Beach,US,13
IL - Marion,US,12
FL - Osprey,US,12
NS - Sydney,Canada,12
MA - Marlborough,US,12
ZitÃ¡cuaro,Mexico,12
NJ - Ewing,US,12
KY - Shelbyville,US,12
CO - Gunnison,US,12
NJ - Mendham,US,12
QC - Bromont,Canada,12
TX - Azle,US,12
NY - Yorktown Heights,US,12
GA - Statesboro,US,12
MI - Milford,US,12
NJ - Scotch Plains,US,12
NJ - Chester,US,12
PA - Lemoyne,US,12
MT - Butte,US,12
NJ - Neptune,US,12
NJ - Allendale,US,12
MA - Bridgewater,US,12
FL - Monroe County,US,12
WA - Snohomish County,US,12
QC - Capitale-Nationale,Canada,12
WI - Oconomowoc,US,12
SC - Johns Island,US,12
PA - Carlisle,US,12
MI - Petoskey,US,12
WA - Pierce County,US,12
OH - Massillon,US,12
NC - Waxhaw,US,12
MA - Dracut,US,12
NJ - Clinton,US,12
FL - Winterhaven,US,12
OR - Hermiston,US,12
OH - Findlay,US,12
CT - Colchester,US,12
WA - Stanwood,US,12
CT - Mystic,US,12
TX - Marfa,US,12
TN - Greeneville,US,12
MA - Shrewsbury,US,12
NJ - Manasquan,US,12
NJ - Rutherford,US,12
IN - Crown Point,US,12
Zamora,Mexico,12
NY - Vassar,US,12
CA - Cameron Park,US,12
PA - Conshohocken,US,12
GA - Newnan,US,12
MA - Groton,US,12
CA - Lompoc,US,12
UT - Tooele,US,12
MI - Marquette,US,11
CA - Hollister,US,11
GA - Flowery Branch,US,11
NY - Pleasantville,US,11
AL - Foley,US,11
FL - Lake County,US,11
MA - Concord,US,11
CA - Atascadero,US,11
SC - Hilton Head Island,US,11
NJ - Watchung,US,11
NY - Armonk,US,11
MA - North Truro,US,11
CO - Buena Vista,US,11
OR - Warrenton,US,11
NY - Selden,US,11
MA - Westborough,US,11
NY - Rhode Island,US,11
FL - Titusville,US,11
NY - Greenport,US,11
PA - Wyomissing,US,11
WI - Hudson,US,11
NY - Saugerties,US,11
Tulancingo,Mexico,11
NJ - Chatham,US,11
VT - Shelburne,US,11
PA - West Grove,US,11
MD - Arnold,US,11
TN - Lebanon,US,11
UT - Eagle Mountain,US,11
MA - Hudson,US,11
TX - Granbury,US,11
IN - Mishawaka,US,11
PA - Rosemount,US,11
TehuacÃ¡n,Mexico,11
NJ - Mantua,US,11
Cuitlahuac,Mexico,11
CuauhtÃ©moc,Mexico,11
FL - Silver Springs,US,11
Ciudad Madero,Mexico,11
MI - Portage,US,11
IN - Porter,US,11
MI - Wayne County,US,11
WA - Arlington,US,11
MO - Manchester,US,11
UT - Moab,US,11
PA - Macungie,US,11
NJ - Laurence Harbor,US,11
FL - Ormond Beach,US,11
TX - Sherman,US,11
NY - Jamestown,US,11
CO - Montrose,US,11
RI - Bristol,US,11
CT - New Milford,US,11
PA - Collegeville,US,11
SC - Spartanburg County,US,11
MO - Aurora,US,11
IN - Washington County,US,11
GA - Mount Berry,US,11
Zinacantepec,Mexico,11
RI - Wakefield,US,10
CA - Knights Ferry,US,10
TX - Brazoria County,US,10
NY - West Babylon,US,10
Cuautla,Mexico,10
NJ - Hamilton,US,10
ID - Sun Valley,US,10
Morelos,Mexico,10
IA - Marion,US,10
NY - Annandale On Hudson,US,10
GA - Snellville,US,10
MA - Milford,US,10
IL - Bourbonnais,US,10
CA - Boulder Creek,US,10
NY - Alexandria Bay,US,10
SC - North Myrtle Beach,US,10
WI - Ashwaubenon,US,10
AB - Fort Mcmurray,Canada,10
PA - Eagleville,US,10
MA - Franklin,US,10
MA - Wilmington,US,10
AZ - Laveen,US,10
WI - Watertown,US,10
CA - Kings Beach,US,10
FL - Indialantic,US,10
Tepic,Mexico,10
MI - Grand Blanc,US,10
NH - Lebanon,US,10
NJ - Woodbridge,US,10
WI - Cedarburg,US,10
MA - Ashland,US,10
MA - Billerica,US,10
NJ - Fords,US,10
GA - Canton,US,10
CA - Los Banos,US,10
State of Mexico (Estado de MÃ©xico),Mexico,10
CA - Oakley,US,10
WA - Longview,US,10
NY - Rome,US,10
NJ - Lawrenceville,US,10
TX - Kerrville,US,10
UT - Springdale,US,10
MO - Wentzville,US,10
MO - Ballwin,US,10
MA - Rockland,US,10
SC - Hanahan,US,10
WI - La Crosse County,US,10
PA - Nazareth,US,10
PA - Newtown,US,10
CA - Solano,US,10
NM - Alamogordo,US,10
IN - Lake County,US,10
PA - Indiana,US,10
PA - Warrington,US,10
WI - Madison WI,US,10
MA - Acton,US,10
AB - Jasper,Canada,10
San Lucas,Mexico,10
NE - Bellevue,US,10
MO - Randolph,US,10
NC - Arden,US,10
MI - Oakland County,US,10
MA - Reading,US,10
FL - Alachua,US,10
TN - Cookeville,US,10
CT - Rocky Hill,US,10
PA - Coatesville,US,10
MO - Brentwood,US,9
MI - Leonard,US,9
MD - Havre de Grace,US,9
PA - Exton,US,9
NL - Niagara falls,Canada,9
ON - Cambridge,Canada,9
NJ - Montville,US,9
HI - Kailua,US,9
NJ - South River,US,9
NJ - Caldwell,US,9
CA - Mendocino,US,9
NY - Hauppauge,US,9
IL - Lemont,US,9
NM - Roswell,US,9
OR - The Dalles,US,9
NJ - Skillman,US,9
NJ - Phillipsburg,US,9
MN - Brainerd,US,9
MA - North Andover,US,9
Vicente Guerrero,Mexico,9
NY - Rensselaer,US,9
GA - Sugar Hill,US,9
IL - Carpentersville,US,9
CT - Naugatuck,US,9
PA - Swarthmore,US,9
NC - Cherokee,US,9
PA - Hummelstown,US,9
NV - Nevada City,US,9
ME - Ogunquit,US,9
MA - South Deerfield,US,9
MN - Hennepin County,US,9
Akumal,Mexico,9
San CristÃ³bal De Las Casas,Mexico,9
SC - Goose Creek,US,9
WV - West Virginia,US,9
NJ - Burlington,US,9
NJ - Closter,US,9
IA - Bloomington,US,9
MI - Rockford,US,9
CA - Los Osos,US,9
IA - Johnson County,US,9
QC - Notre-Dame-de-Rimouski,Canada,9
FL - Azalea Park,US,9
NC - Clayton,US,9
CO - Bow Mar Colorado,US,9
MI - Interlochen,US,9
NY - Mount Kisco,US,9
NY - Bedford,US,9
NJ - Point Pleasant,US,9
NJ - Linden,US,9
MA - Vineyard Haven,US,9
QC - Saguenay,Canada,9
Delicias,Mexico,9
Colima,Mexico,9
PA - Bangor,US,9
MA - Topsfield,US,9
CT - Avon,US,9
Nayarit,Mexico,9
ID - Hailey,US,9
WY - Montana,US,9
Nuevo Laredo,Mexico,9
NY - Hawthorne,US,9
CA - Valley View,US,9
PA - Northampton,US,9
AR - Russellville,US,9
WI - Lacrosse,US,9
MI - Howell,US,9
CA - Pismo Beach,US,9
NY - Ronkonkoma,US,9
ME - Saco,US,9
MA - Maryland Heights,US,9
IN - Hancock County,US,9
ID - Hayden Lake,US,9
CT - Rowayton,US,9
NJ - Pennington,US,9
NY - Mohegan Lake,US,9
Chilpancingo,Mexico,9
OH - Concord,US,9
CA - Ukiah,US,9
OR - Manzanita,US,9
YT - Whitehorse,Canada,9
CA - Castaic,US,9
FL - North Port,US,9
OH - Oberlin,US,8
MI - Romeo,US,8
NJ - Matawan,US,8
MA - Boylston,US,8
NJ - Jackson,US,8
CT - North Haven,US,8
NJ - Lake Como,US,8
AR - Siloam Springs,US,8
AZ - Bisbee,US,8
NJ - Farmingdale,US,8
OR - McMinnville,US,8
NJ - Old Bridge,US,8
NY - Saranac Lake,US,8
CT - Shelton,US,8
MA - Kingston,US,8
MS - Ocean Springs,US,8
ID - Victor,US,8
NE - Nebraska,US,8
NY - Lindenhurst,US,8
NJ - Hazlet,US,8
GA - Cleveland,US,8
NY - Millbrook,US,8
BC - Fort St. John,Canada,8
NJ - Annandale,US,8
KS - Hays,US,8
CO - Salida,US,8
MA - Westford,US,8
NY - Lake George,US,8
FL - Zephyrhills,US,8
DE - Middletown,US,8
TX - Dickinson,US,8
NY - Valhalla,US,8
RI - Middletown,US,8
NJ - Deal,US,8
WI - Kimberly,US,8
NJ - Mount Tabor,US,8
AZ - Kingman,US,8
CO - Canon City,US,8
IL - Homer Glen,US,8
NC - Sylva,US,8
NJ - Woodstown,US,8
TX - Marble Falls,US,8
GA - Rome,US,8
MA - Yarmouth,US,8
TX - Luckenbach,US,8
Juriquilla,Mexico,8
NY - Poland,US,8
VT - Manchester,US,8
UT - Farmington,US,8
DE - Rehoboth,US,8
FL - Haines City,US,8
CT - Watertown,US,8
IN - La Porte,US,8
WA - Oak Harbor,US,8
OK - Muskogee,US,8
NJ - Keansburg,US,8
FL - Pace,US,8
TN - Kingsport,US,8
PA - Glen Mills,US,8
NJ - Manchester,US,8
PA - Johnstown,US,8
CA - Twentynine Palms,US,8
UT - Centerville,US,8
MO - Ferguson,US,8
MN - Chicago,US,8
ON - Burlington,Canada,8
NY - New Windsor,US,8
ID - Post Falls,US,8
WV - Thomas,US,8
WI - Fond du Lac,US,8
NY - Nanuet,US,8
TX - Johnson City,US,8
GA - Winder,US,8
NY - Liverpool,US,8
NY - Rhinebeck,US,8
NJ - Ship Bottom,US,8
PA - Huntingdon Valley,US,8
Santiago Tianguistenco,Mexico,8
IL - Ottawa,US,8
NC - Wilson,US,8
NH - New London,US,8
CA - Oaks,US,8
IN - Syracuse,US,7
AZ - San Luis,US,7
MA - Fitchburg,US,7
VA - Petersburg,US,7
NE - Hastings,US,7
NY - Endwell,US,7
FL - Merritt Island,US,7
IN - Jasper,US,7
NJ - Keyport,US,7
CA - Port Hueneme,US,7
MA - Marion,US,7
NY - Miller Place,US,7
TX - Harker Heights,US,7
NV - Elko,US,7
MA - Sherborn,US,7
NB - New Brunswick,Canada,7
CA - Humboldt,US,7
FL - Santa Rosa Island,US,7
KY - Frankfort,US,7
NJ - Manahawkin,US,7
NY - Canton,US,7
NH - Hillsborough County,US,7
PA - Quakertown,US,7
NC - Morganton,US,7
NC - Atlantic Beach,US,7
NY - Highland Falls,US,7
Tampico,Mexico,7
NH - Peterborough,US,7
VT - Putney,US,7
CT - Redding,US,7
CO - Fort Lupton,US,7
BC - Prince Rupert,Canada,7
VA - Waynesboro,US,7
NC - Salisbury,US,7
NJ - Rochelle Park,US,7
CT - South Glastonbury,US,7
AZ - Cameron,US,7
VT - Rutland,US,7
AR - Texarkana,US,7
TX - Mount Pleasant,US,7
CA - Quincy,US,7
TX - Cleburne,US,7
OR - Roseburg,US,7
NH - Rochester,US,7
NY - Brookhaven,US,7
IA - Grinnell,US,7
FL - Fruitland Park,US,7
MO - Blue Springs,US,7
NL - Labrador City,Canada,7
CT - South Windsor,US,7
CO - Laporte,US,7
Isla Mujeres,Mexico,7
NJ - Westmont,US,7
NJ - Monmouth,US,7
ND - Jamestown,US,7
NY - Pocantico Hills,US,7
NY - Onondaga,US,7
NJ - Locust,US,7
CT - Bethel,US,7
MA - Bellingham,US,7
NJ - Oradell,US,7
NY - Lake Luzerne,US,7
NM - Ruidoso,US,7
NM - Clovis,US,7
NJ - Marlboro,US,7
WA - Moses Lake,US,7
NY - Mahopac,US,7
WI - Neenah,US,7
CO - Idaho Springs,US,7
ID - Mccall,US,7
IN - Granger,US,7
CT - Cheshire,US,7
NJ - Rumson,US,7
Xoxocotlan,Mexico,7
TX - Lake Jackson,US,7
IA - Coralville,US,7
GA - Cartersville,US,7
GÃ³mez Palacio,Mexico,7
NJ - Margate,US,7
PA - Manheim,US,7
MA - East Sandwich,US,7
CO - Granby,US,7
IL - Freeport,US,7
NJ - Mantoloking,US,7
VA - Dumfries,US,7
TX - Burleson,US,7
NY - Shirley,US,7
GA - Milledgeville,US,7
WA - Buckley,US,7
NC - Topsail Beach,US,7
ND - Minot,US,7
NM - El Prado,US,7
OK - Enid,US,7
KS - Dodge City,US,7
Tizayuca,Mexico,7
VA - Floyd,US,7
GA - Austell,US,7
MD - Chester,US,7
PA - Lebanon,US,7
MN - Grand Forks,US,7
TX - Del Rio,US,7
LA - Slidell,US,7
IL - Will County,US,7
FL - Eustis,US,7
NY - Suffolk County,US,7
Monclova,Mexico,7
NY - Columbia County,US,7
ME - Bar Harbor,US,7
AZ - Buckeye,US,7
NJ - Bellmawr,US,7
NY - Lake Placid,US,7
KY - Cincinnati,US,7
MT - Polson,US,7
ON - St. Thomas,Canada,7
IA - Bettendorf,US,7
TX - Athens,US,7
NY - Bethpage,US,7
SC - Beaufort,US,7
TX - San Diego,US,7
ME - Bucksport,US,7
NJ - Cedar Grove,US,6
NJ - Haddon Heights,US,6
MA - Deerfield,US,6
NC - Kannapolis,US,6
IN - Bedford,US,6
FL - Lake City,US,6
NJ - Hershey,US,6
TX - Paris,US,6
NJ - Ocean Grove,US,6
NJ - Wallington,US,6
PA - Glenmoore,US,6
FL - Citrus County,US,6
NJ - Colts Neck,US,6
NC - Mills River,US,6
MT - Hamilton,US,6
NY - Port Jervis,US,6
TX - Benbrook TX,US,6
TX - Mercedes,US,6
NY - Loudonville,US,6
OH - Pickerington,US,6
MD - Silver Springs,US,6
IL - Lansing,US,6
IL - South Shore,US,6
NH - Littleton,US,6
TX - Sulphur Springs,US,6
NJ - Morris Plains,US,6
Lagos de Moreno,Mexico,6
CA - Sunrise,US,6
Carmen,Mexico,6
CA - Newcastle,US,6
MN - Benton County,US,6
PA - Spring City,US,6
MA - Berkshire County,US,6
SC - Murrells Inlet,US,6
NC - Nashville,US,6
CT - Washington,US,6
FL - Okeechobee,US,6
CT - Orange,US,6
TN - lafollette,US,6
NY - Goshen,US,6
MA - South Yarmouth,US,6
AR - Craighead County,US,6
MA - Tyngsboro,US,6
WY - Casper (WY),US,6
TX - Williamson County,US,6
SC - Greenwood,US,6
PA - Lehigh,US,6
NC - Carolina Beach,US,6
TX - Austin County,US,6
FL - Milton,US,6
IL - South Elgin,US,6
MA - Bourne,US,6
WI - Chippewa Falls,US,6
MA - Gardner,US,6
NY - Southold,US,6
NY - Auburn,US,6
NJ - Burlington County,US,6
NJ - Miami Beach,US,6
HI - Waikoloa,US,6
SC - Duncan,US,6
ME - Alfred,US,6
MO - Osage Beach,US,6
VA - Charlotteville,US,6
NY - Watervliet,US,6
AZ - Page,US,6
NY - Massapequa,US,6
TX - Collin County,US,6
NJ - South Amboy,US,6
AZ - Sierra Vista,US,6
PA - Manchester,US,6
NM - Los Lunas,US,6
OH - Mount Vernon,US,6
OH - Painesville,US,6
NC - Sugar Grove,US,6
PA - Morganville,US,6
NJ - Spring Lake Heights,US,6
WA - Ferndale,US,6
Silao,Mexico,6
FL - Palm Coast,US,6
GA - Glynn County,US,6
NY - Babylon,US,6
MA - Northbridge,US,6
CT - Litchfield,US,6
TX - Bullard,US,6
NJ - Lodi,US,6
CO - Pueblo West,US,6
MI - Mason,US,6
NJ - North Branch,US,6
ON - Mono,Canada,6
CA - Yosemite,US,6
NY - New Hartford,US,6
SahagÃºn,Mexico,6
SD - Vermillion,US,6
MA - Chatham,US,6
NY - Islip,US,6
AZ - Florence,US,6
KS - Miami County,US,6
MA - Ipswich,US,6
NM - Dulce,US,6
WI - De Pere,US,6
NC - Southport,US,6
DE - delaware,US,6
CT - Southington,US,6
Hidalgo,Mexico,6
NJ - Williamstown,US,6
BC - Langford,Canada,6
NH - North Hampton,US,6
HI - Kailua Kona,US,6
San Luis RÃ­o Colorado,Mexico,6
NJ - Millville,US,6
Tapachula,Mexico,6
WI - Manitowoc,US,6
TX - Stephenville,US,6
Coatzacoalcos,Mexico,6
PA - Grove City,US,6
WI - Beloit,US,6
PA - Springfield,US,6
NC - Elkin,US,6
NY - Centereach,US,6
CA - Oakville,US,6
OH - Warren County,US,6
NC - Cullowhee,US,6
MI - Houghton,US,6
VA - Warrenton,US,6
NJ - Garden City,US,6
CA - Porterville,US,6
GA - Auburn,US,6
WA - Benton County,US,6
NY - Warwick,US,6
NJ - Highland Park,US,6
TX - Nederland,US,6
NY - Oakdale,US,6
NV - Tahoe,US,6
WI - Wisconsin Rapids,US,6
SC - Belton,US,6
CO - Leadville,US,6
MA - Chelmsford,US,6
AZ - Verde,US,6
OR - Tillamook,US,6
San Francisco del RincÃ³n,Mexico,6
NC - Forsyth,US,6
DE - Millsboro,US,6
CA - Rosamond,US,6
CT - Willimantic,US,6
Uruapan,Mexico,6
NY - Mattydale,US,6
FL - Bartow,US,6
NJ - Highlands,US,6
VT - Colchester,US,6
NY - Cold Spring,US,6
OK - Ada,US,6
IN - Seymour,US,5
CA - Carmel Valley,US,5
IL - Shiloh,US,5
TX - La Grange,US,5
MA - West Newbury,US,5
TX - Ward County,US,5
NJ - Roseland,US,5
AZ - Mobile,US,5
NC - Weaverville,US,5
NJ - Medford,US,5
NY - Copiague,US,5
GA - Wilmington Island,US,5
ME - Kennebunk,US,5
QC - Sept-ÃŽles,Canada,5
WI - Lyons,US,5
BC - Sparwood,Canada,5
TX - Lockhart,US,5
Manzanillo,Mexico,5
ON - Ottowa,Canada,5
NJ - Oceanport,US,5
GA - Douglas,US,5
MA - Wenham,US,5
OH - Boardman,US,5
NY - Cold Spring Harbor,US,5
MI - Niles,US,5
IN - Portage,US,5
CA - Buellton,US,5
NE - South Sioux City,US,5
PA - Long Pond,US,5
NJ - Sea Isle City,US,5
TX - Uvalde,US,5
KS - Garden City,US,5
TX - Texarkana,US,5
ON - Clarington,Canada,5
CA - Harvard,US,5
CA - Olympic Valley,US,5
NM - Taos Ski Valley,US,5
PA - Langhorne,US,5
Cuautla Morelos,Mexico,5
GA - Thomasville,US,5
Tabasco,Mexico,5
OH - Niles,US,5
OR - Umatilla County,US,5
NY - Herkimer,US,5
MN - Waconia,US,5
MT - Livingston,US,5
SC - Seneca,US,5
ME - Old Orchard Beach,US,5
MA - Norwell,US,5
NC - Shelby,US,5
MO - O'fallon,US,5
MA - Dartmouth,US,5
FL - Oak,US,5
Piedras Negras,Mexico,5
PA - Chambersburg,US,5
Altamira,Mexico,5
ME - Rockland,US,5
NY - Watkins Glen,US,5
TX - El Campo,US,5
MI - East Grand Rapids,US,5
AZ - Arlington,US,5
PA - Yardley,US,5
MA - North Easton,US,5
PA - Abington,US,5
PA - Blue Bell,US,5
WI - Geneva,US,5
PA - Mount Joy,US,5
NS - Glace Bay,Canada,5
OR - Newport,US,5
ZacapÃº,Mexico,5
IL - New Lenox,US,5
MO - Warren County,US,5
WI - West Bend,US,5
AR - Johnson,US,5
SD - Sioux City,US,5
chiapas,Mexico,5
Atlixco,Mexico,5
NJ - Stone Harbor,US,5
MO - Belton,US,5
NC - Pinehurst,US,5
TX - Lufkin,US,5
IL - Henry County,US,5
MA - Sunderland,US,5
CA - Fort Bragg,US,5
OH - Evansville,US,5
MA - Maynard,US,5
MA - Norfolk,US,5
MA - Littleton,US,5
NM - Mesilla,US,5
ME - Kennebunkport,US,5
OH - Yellow Springs,US,5
CT - New Fairfield,US,5
NJ - Waretown,US,5
IN - La Fayette,US,5
WA - Port Angeles,US,5
CT - Berlin,US,5
CA - Angwin,US,5
ID - Idaho,US,5
NE - Fremont,US,5
IL - Fairfield,US,5
MI - Independence,US,5
PA - Douglassville,US,5
NJ - Morganville,US,5
SD - Sturgis,US,5
NY - Liberty,US,5
CA - Squaw Valley,US,5
QC - Val-d'or,Canada,5
TX - Kingsville,US,5
NJ - Passaic County,US,5
OR - La Grande,US,5
MD - Centerville,US,5
NJ - Carlstadt,US,5
FL - Polk City,US,5
WA - Chelan,US,5
FL - Seaside,US,5
FL - Perdido Key,US,5
CA - Cohasset,US,5
CA - Ridgecrest,US,5
WV - Parkersburg,US,5
MN - Olmsted County,US,5
CO - Gypsum,US,5
MD - Howard County,US,5
RI - Matunuck,US,5
SC - Sumter,US,5
MI - Three Oaks,US,5
Amozoc,Mexico,5
TX - Schulenburg,US,5
NH - Lancaster,US,5
MA - North Chelmsford,US,5
FL - Lee,US,5
PA - Grantham,US,5
NY - Ballston Spa,US,5
CA - Grover Beach,US,5
UT - Kamas,US,5
FL - Virginia Beach,US,5
AL - Opelika,US,5
IN - Charlestown,US,5
CO - Glenwood,US,5
Fresnillo,Mexico,5
GA - Covington,US,5
AR - Ozark,US,5
NY - Afton,US,5
NH - Amherst,US,5
WI - Green Lake,US,5
VA - Rustburg,US,5
NH - Swanzey,US,5
PA - New Britain,US,5
PA - Selinsgrove,US,5
HI - Haleiwa,US,5
PA - Clearfield,US,5
NY - West Hampton,US,5
MA - West Tisbury,US,5
KY - La Grange,US,5
NM - Mexico,US,5
AL - Pensacola,US,5
MA - Middleton,US,5
OH - Steubenville,US,5
UT - Hyrum,US,5
MichoacÃ¡n,Mexico,5
PA - Ronks,US,5
Poza Rica de Hidalgo,Mexico,5
SC - Gaffney,US,5
MA - Norton,US,5
CA - Tehachapi,US,5
MD - Darlington,US,5
GA - Hinesville,US,5
MO - Hazelwood,US,5
IN - Salamonie Township,US,5
CO - Glenwood Springs,US,5
MD - Sykesville,US,5
KS - Leavenworth,US,5
MI - Big Rapids,US,5
NJ - Stockholm,US,5
CA - Mckinleyville,US,5
OR - Florence,US,5
Palenque,Mexico,5
AL - Ashville,US,5
MN - Big Lake,US,5
AZ - Santa Cruz County,US,5
SC - Garden City,US,5
NJ - Tinton Falls,US,5
FL - Providence,US,5
TX - Galveston County,US,5
PA - Beaver Falls,US,5
WI - Stevens Point,US,5
MD - La Plata,US,5
PA - Newton,US,4
TX - Copperas Cove,US,4
NC - Lumberton,US,4
OK - Altus,US,4
Puerto PeNasco,Mexico,4
MN - New York Mills,US,4
WA - Manson,US,4
CA - El Chico,US,4
QC - Matane,Canada,4
TX - Marshall,US,4
ND - Rapid City,US,4
AB - Lloydminster,Canada,4
NJ - Spring Lake,US,4
PA - New Holland,US,4
SC - Cherry Grove Beach,US,4
WY - Evanston,US,4
Tala,Mexico,4
Guaymas,Mexico,4
TN - Newport,US,4
UT - Box Elder County,US,4
NY - Baldwin Place,US,4
AL - Gadsden,US,4
NJ - Bordentown,US,4
IN - Warsaw,US,4
DE - Newcastle,US,4
TX - Palestine,US,4
RI - Misquamicut,US,4
CA - Bishop,US,4
OR - Coos Bay,US,4
Cortazar,Mexico,4
NL - Red Rocks,Canada,4
AZ - Thatcher,US,4
Temixco,Mexico,4
PA - Elizabethtown,US,4
NH - Bethlehem,US,4
NM - Gallup,US,4
MA - Bradford,US,4
CA - Laytonville,US,4
NJ - Hopelawn,US,4
PA - Hallam,US,4
NC - Aberdeen,US,4
WY - Rock Springs,US,4
PA - Bristol,US,4
FL - Dade City,US,4
AR - Harrison,US,4
MI - Adrian,US,4
TX - Gladewater,US,4
WI - Fort Atkinson,US,4
QC - Rouyn-Noranda,Canada,4
VT - Newport,US,4
CA - Soledad,US,4
TN - Morristown,US,4
PA - Valley Forge,US,4
WI - Waupaca,US,4
MA - Raynham,US,4
RI - Peace Dale,US,4
FL - Tavernier,US,4
NJ - New Egypt,US,4
IL - Manteno,US,4
NY - Briarcliff Manor,US,4
OR - Washington County,US,4
NH - Pembroke,US,4
OH - New Philadelphia,US,4
OR - Oakland,US,4
TX - San Patricio,US,4
OH - Madison County,US,4
sonora,Mexico,4
TX - Raymondville,US,4
NY - Latham,US,4
CT - Canton,US,4
ME - Brewer,US,4
MA - Medway,US,4
CA - Atwater,US,4
MO - Jackson,US,4
CA - Delano,US,4
GA - Calhoun,US,4
CA - Gonzales,US,4
IL - Morton,US,4
TX - Clear Lake Shores,US,4
MI - Iron Mountain,US,4
VA - Morgantown,US,4
TN - Dickson,US,4
NC - Swansboro,US,4
NJ - Lambertville,US,4
GA - Adel,US,4
FL - Felda,US,4
MA - Westport,US,4
NJ - Atco,US,4
MO - Rolla,US,4
NY - Spring Valley,US,4
AK - Talkeetna,US,4
WI - Sturgeon Bay,US,4
AZ - Payson,US,4
Iguala,Mexico,4
NY - Lake Carmel,US,4
VA - Palmyra,US,4
PA - Saint Davids,US,4
TN - Sullivan County,US,4
Tepoztlan,Mexico,4
Atlacomulco,Mexico,4
ID - Lewiston,US,4
QC - Centre-du-QuÃ©bec,Canada,4
MA - Dennis,US,4
CT - Seymour,US,4
GA - Blue Ridge,US,4
TN - Madison,US,4
IL - Lasalle,US,4
AZ - Safford,US,4
WI - Weston,US,4
WA - Kelso,US,4
PA - Luzerne County,US,4
ME - Boothbay Harbor,US,4
MA - Oxford,US,4
NJ - Turnersville,US,4
NJ - Roosevelt,US,4
CO - Greely,US,4
NJ - Galloway,US,4
TX - Woodland,US,4
NY - Malta,US,4
NC - Louisburg,US,4
IN - Dyer,US,4
TX - Pinehurst,US,4
MA - Uxbridge,US,4
MA - Northboro,US,4
MA - Millis,US,4
GA - Fairburn,US,4
WV - Fairmont,US,4
SC - Georgetown,US,4
PA - Bucknell,US,4
UT - Price,US,4
FL - Bunnell,US,4
NY - Centerport,US,4
MO - Moberly,US,4
UT - Tremonton,US,4
WA - Friday Harbor,US,4
OR - Brownsville,US,4
NS - Sydney Mines,Canada,4
WI - Pulaski,US,4
IL - Sauk Village,US,4
MA - Norfolk County,US,4
NH - Hampstead,US,4
WI - Salem,US,4
OH - Pataskala,US,4
NH - Merrimack County,US,4
Victoria de Durango,Mexico,4
MA - Onset,US,4
ID - Jerome,US,4
PA - Gilbertsville,US,4
VA - Front Royal,US,4
LA - Houma,US,4
ID - Blackfoot,US,4
MA - Eastham,US,4
MO - Grain Valley,US,4
AK - Wasilla,US,4
OH - Montgomery County,US,4
LA - West Monroe,US,4
KY - Morehead,US,4
TX - Santa Fe,US,4
WI - Milltown,US,4
NJ - Dover,US,4
MD - Jessup,US,4
LA - Broussard,US,4
LA - Gonzales,US,4
NC - Zebulon,US,4
NC - Mars Hill,US,4
NJ - Aberdeen,US,4
IN - Chesterton,US,4
NC - Randolph County,US,4
TX - Stockdale,US,4
DE - Georgetown,US,4
MS - Philadelphia,US,4
NJ - Hamden,US,4
TX - Brenham,US,4
MA - Georgetown,US,4
AB - Strathmore,Canada,4
GA - Thomson,US,4
IN - Georgetown,US,4
NY - Stony Point,US,4
WI - New Richmond,US,4
NC - Wilkesboro,US,4
CO - El Paso,US,4
AL - Irondale,US,4
KY - Madison,US,4
FL - Labelle,US,4
NM - Carlsbad,US,4
TX - Puerto Rico,US,4
TX - Denison,US,4
IL - Rockton,US,4
MD - Leonardtown,US,4
CO - Rifle,US,4
PA - Harleysville,US,4
TX - Liberty,US,4
IA - Orange City,US,4
MO - Festus,US,4
CA - Willits,US,4
KY - Renfro Valley,US,4
NY - Walden,US,4
PA - Pocono,US,4
NY - Hunter,US,4
IN - Lake Station,US,4
NY - Kent,US,4
RI - Provincetown,US,4
MA - Northfield,US,4
Zihuatanejo,Mexico,4
ND - Dickinson,US,4
TX - Jacksonville,US,4
MT - Anaconda,US,4
NY - Tivoli,US,4
CA - Sonora,US,4
AB - Fort Mackay,Canada,4
OH - Perrysburg,US,4
IA - Mason City,US,4
NY - Olean,US,4
NC - New London,US,4
FL - Lake Wales,US,4
NY - Rosemont,US,4
NY - Shelter Island,US,4
Texmelucan,Mexico,4
CA - Newman,US,4
NV - Tahoe City,US,4
VT - Stratton Mountain,US,4
OR - Kernville,US,4
NY - Nazareth,US,4
OK - Duncan,US,4
AcÃ¡mbaro,Mexico,4
IL - Antioch,US,4
NY - Baldwinsville,US,4
OH - Canfield,US,4
MA - Tanglewood,US,4
NY - Scotchtown,US,4
CT - Lakeville,US,4
NH - Somersworth,US,4
CA - Cobb CA - Not is Santa Rosa,US,4
QC - Amos,Canada,4
MS - New Hebron,US,4
NY - Modena,US,4
WI - Richfield,US,4
IL - Spring Grove,US,4
NY - Montgomery,US,4
NJ - Vernon,US,4
PA - Frazer,US,4
KY - Danville,US,4
NC - Pittsboro,US,4
MI - Hartland,US,4
MO - Earth City,US,4
PA - Birmingham,US,4
IL - Jacksonville,US,4
CA - Crescent City,US,4
PA - Rohrerstown,US,4
Sinaloa,Mexico,4
OH - Defiance,US,4
MT - Red Lodge,US,4
NE - Buffalo,US,4
VT - Barre,US,4
VT - Bellows Falls,US,4
NJ - Moonachie,US,4
NY - Athens,US,4
LA - Thibodaux,US,4
NJ - Westville,US,4
IN - Marion,US,4
CT - Coventry,US,3
QC - LanaudiÃ¨re,Canada,3
NC - Chatham County,US,3
MA - Alston,US,3
PA - Dubois,US,3
MI - Holly,US,3
AL - Bremen,US,3
TX - Henderson,US,3
NJ - Plainville,US,3
HI - Hanalei,US,3
NH - West Lebanon,US,3
IL - Lake Villa,US,3
MD - Pocomoke City,US,3
OK - Grove,US,3
TX - Taylor,US,3
CT - Plainfield,US,3
AR - Alexander,US,3
NV - Winnemucca,US,3
TX - Hawkins,US,3
TN - Savannah,US,3
NC - Washington,US,3
TX - Beeville,US,3
WI - Elkhorn,US,3
MN - International Falls,US,3
VA - Hampton Beach,US,3
CA - Adelanto,US,3
IA - Waverly,US,3
RI - New Port,US,3
NY - Fredonia,US,3
GA - Grayson,US,3
MI - Fowlerville,US,3
NY - Bayville,US,3
MO - St. Paul,US,3
TX - Comfort,US,3
DE - Sussex County,US,3
GA - Cochran,US,3
MD - Mountaindale,US,3
MA - Athol,US,3
WI - Hayward,US,3
FL - Santa Rosa County,US,3
IN - Richmond,US,3
PA - Berks,US,3
WA - Yakima County,US,3
Ciudad Valles,Mexico,3
IN - Plymouth,US,3
ID - Burley,US,3
IN - Boonville,US,3
WI - Menomonie,US,3
GA - Stockbridge,US,3
NY - Sugar Loaf,US,3
IL - Beach Park,US,3
QC - La Conception,Canada,3
CA - Mammoth,US,3
PA - Carbondale,US,3
NT - Yellowknife,Canada,3
VT - Johnson,US,3
CA - Groveland,US,3
MI - Toledo,US,3
OR - Cottage Grove,US,3
NY - Baltimore,US,3
MA - Marstons Mills,US,3
MS - Pass Christian,US,3
MS - Cleveland,US,3
MD - Westminister,US,3
VA - Abingdon,US,3
FL - Lauderdale Lakes,US,3
NJ - Pennsauken,US,3
NC - Forest City,US,3
VT - Waitsfield,US,3
MN - Alexandria,US,3
IL - Sterling,US,3
NJ - London,US,3
CT - Tolland County,US,3
TX - Mont Belvieu,US,3
PA - Pottsville,US,3
WI - Grand Rapids,US,3
MA - Boxford,US,3
SC - Clover,US,3
TX - Gun Barrel City,US,3
OH - Chardon,US,3
MO - St Joseph,US,3
PA - Dover,US,3
CO - Bellevue,US,3
TX - Hidalgo County,US,3
AZ - Coolidge,US,3
PA - Amityville,US,3
AZ - Pinetop,US,3
NE - Columbus,US,3
BC - Vermilion Crossing,Canada,3
WI - Tomahawk,US,3
NS - Kingsport,Canada,3
VA - Martinsville,US,3
CA - Cobb,US,3
MA - Middleboro,US,3
MI - Ludington,US,3
MA - Lanesboro,US,3
AR - Arkadelphia,US,3
UT - Vernal,US,3
PA - Red Lion,US,3
Sahuayo,Mexico,3
FL - Welaka,US,3
LÃ¡zaro CÃ¡rdenas,Mexico,3
NJ - Florence,US,3
ME - Gorham,US,3
NY - Massena,US,3
NV - Wendover,US,3
MD - Garrett County,US,3
TX - Young County,US,3
CT - Essex,US,3
NY - West Islip,US,3
AK - Seward,US,3
MO - Fenton,US,3
OR - Douglas County,US,3
NY - Ocean Beach,US,3
PA - Westchester,US,3
NY - Farmington,US,3
TN - Springfield,US,3
OH - Wilmington,US,3
NJ - Leonardo,US,3
OH - Ashland,US,3
WA - Blaine,US,3
MA - Shelburne Falls,US,3
CA - Oakhurst,US,3
WI - Kaukauna,US,3
TX - Hardin County,US,3
FL - Orange City,US,3
NY - Piermont,US,3
MI - Carleton,US,3
MN - Cambridge,US,3
La Piedad,Mexico,3
WY - Riverton,US,3
NJ - Denville,US,3
IL - Carol Stream,US,3
PA - York County,US,3
TN - Pikeville,US,3
Ciudad NezahualcÃ³yotl,Mexico,3
NE - North Platte,US,3
RI - West Kingston,US,3
MI - Monroe,US,3
NJ - Sussex,US,3
TN - Jonesborough,US,3
IL - Galesburg Micropolitan,US,3
WI - Marshfield,US,3
OH - Heath,US,3
TX - Lindale,US,3
OH - Cortland,US,3
MI - Charlevoix,US,3
NC - Hudson,US,3
Aguas Calientes,Mexico,3
NC - Mount Airy,US,3
NM - Red River,US,3
MS - Columbus,US,3
WA - Napavine,US,3
OR - Molalla,US,3
MT - Kansas City,US,3
MA - Stockbridge,US,3
NE - Norfolk,US,3
AZ - Williams,US,3
MI - Hamburg,US,3
AL - Mobile County,US,3
CA - Pauma Valley,US,3
NC - Beaufort,US,3
Valle de Santiago,Mexico,3
CA - San Mateo County,US,3
WA - Clarkston,US,3
OR - Deer Island,US,3
MA - Housatonic,US,3
IN - Saint John,US,3
OK - Ardmore,US,3
OH - Edenton,US,3
TX - Winnie,US,3
TX - Malone,US,3
IN - Cedar Lake,US,3
NS - Coxheath,Canada,3
WI - Sun Prairie,US,3
TX - Peaster,US,3
HI - Kona,US,3
VA - Berryville,US,3
KY - Flatwoods,US,3
TX - Big Spring,US,3
NJ - Willingboro,US,3
NL - Gatineau,Canada,3
TX - Kilgore,US,3
OR - Sisters,US,3
TX - Winkler County,US,3
FL - Big Pine,US,3
OK - Shawnee,US,3
AL - Jacksonville,US,3
ME - Farmington,US,3
CA - Soda Springs,US,3
PA - Worcester,US,3
TX - Atlanta,US,3
TX - Kaufman County,US,3
MO - Excelsior Springs,US,3
AK - Mendenhall Valley,US,3
MO - House Springs,US,3
NC - Wingate,US,3
WA - Mead,US,3
KY - Radcliff,US,3
QC - Parish municipality,Canada,3
NL - Point May,Canada,3
NJ - Blairstown,US,3
NC - Statesville,US,3
CT - Waterford,US,3
IL - Sandwich,US,3
PA - Bedford,US,3
NE - Nebraska City,US,3
QC - Poste-de-la-Baleine,Canada,3
NS - Sidney,Canada,3
PA - Ephrata,US,3
OH - Yankee Lake,US,3
PA - Whitehall,US,3
NJ - Franklin,US,3
MI - Richland,US,3
TX - Andrews,US,3
TX - Fairfield,US,3
NJ - Manville,US,3
MI - Saline,US,3
QC - La Jacques-Cartier,Canada,3
PA - Monroe County,US,3
SD - Watertown,US,3
NC - Murphy,US,3
GA - Marrietta,US,3
AL - Tallassee,US,3
AB - Rocky View County,Canada,3
Navojoa,Mexico,3
NJ - Mays Landing,US,3
WA - Centralia,US,3
NC - Holly Ridge,US,3
VT - Hartford,US,3
NH - Plaistow,US,3
MI - Grayling,US,3
VT - Ludlow,US,3
NC - Ocracoke,US,3
NM - Angel Fire,US,3
ME - York Beach,US,3
PA - Palmyra,US,3
CA - Kern County,US,3
NC - Marshall,US,3
NJ - Readington,US,3
WI - Eagle River,US,3
MI - Paw Paw,US,3
KS - Douglas County,US,3
IA - Clear Lake,US,3
PA - Gilbert Pennsylvania,US,3
TX - Dumas,US,3
IL - Fox Lake,US,3
WI - Walworth County,US,3
NC - Maggie Valley,US,3
TN - Gray,US,3
CT - Oxford,US,3
NY - Suffern,US,3
MN - Owatonna,US,3
VT - Charlotte,US,3
IL - Princeton,US,3
CT - South Woodstock,US,3
FL - Ormond By The Sea,US,3
NH - Rockingham County,US,3
MA - Wareham,US,3
TN - Morrison,US,3
VA - Jonesville,US,3
WV - Shepherdstown,US,3
NY - Ulster County,US,3
SC - Inman,US,3
FL - Sanibel,US,3
PA - Hatfield,US,3
IA - Manawa,US,3
TX - Wharton,US,3
TN - Pulaski,US,3
OH - Allen County,US,3
VA - Stephens City,US,3
PA - Bridgewater,US,3
MI - Hastings,US,3
IL - Grundy County,US,3
WI - Grant County,US,3
MT - Bigfork,US,3
CT - Wolcott,US,3
IL - East Dubuque,US,3
AR - Ft. Smith,US,3
NC - Henderson,US,3
AZ - Window Rock,US,3
AR - Hot Springs Village,US,3
San Andres Tuxtla,Mexico,3
NM - Montezuma,US,3
KY - Madisonville,US,3
KS - Parsons,US,3
NJ - Pemberton,US,3
NJ - Belvidere,US,3
NH - Rindge,US,3
TX - Eagle Pass,US,3
WI - River Falls,US,3
FL - Marathon,US,3
BC - Fraser,Canada,3
PA - Bucks,US,3
PA - Clarion,US,3
CO - Black Hawk,US,3
Frontera,Mexico,3
CT - Pawcatuck,US,3
KS - Colby,US,3
GA - Tifton,US,3
MD - Adamstown,US,3
IN - Mooresville,US,3
MO - Nevada,US,3
NS - North Sydney,Canada,3
FL - Crestview,US,3
TX - Bandera,US,3
GA - Rex,US,3
WA - Snoqualmie Pass,US,3
OK - Kansas,US,3
OR - Lincoln City,US,3
NJ - Oaklyn,US,3
NM - Silver City,US,3
PA - Catasauqua,US,3
MA - Turners Falls,US,3
CO - Mountain Village,US,3
VA - Loudoun,US,3
NY - Watermill,US,3
MA - Southborough,US,3
NY - Bedford Hills,US,3
ME - York County,US,3
TX - Wichita,US,3
CÃ³rdoba,Mexico,3
IN - Upland,US,3
MA - Annapolis,US,3
OH - Marietta,US,3
NY - Potsdam,US,3
MN - St Joseph,US,3
PA - Union Dale,US,3
NJ - Florham Park,US,3
CO - Firestone,US,3
VA - Fauquier County,US,3
MN - Fergus Falls,US,3
AR - Malvern,US,3
KY - Corbin,US,3
IL - Columbia,US,3
ME - Old Town,US,3
OH - Marion,US,3
PA - College Park,US,3
IL - Pekin,US,3
MA - Woods Hole,US,3
GA - Madison,US,3
TX - Groves,US,3
ID - Chubbuck,US,3
AL - Anniston,US,3
VA - Centerville,US,3
NY - Sullivan County,US,3
WI - Fort Mccoy,US,3
MN - Jordan,US,3
MI - Manistee,US,3
NY - Valatie,US,3
WA - Raymond,US,3
KS - Baldwin,US,3
Nuevo Casas Grandes,Mexico,3
TX - San Benito,US,3
OK - McAlester,US,3
NY - Westchester County,US,3
TX - Orange,US,3
MA - Providence,US,3
TX - Grandview,US,3
PA - Wallingford,US,2
IA - Cedar,US,2
FL - Loxahatchee,US,2
NM - San Fidel,US,2
OH - Peoria,US,2
OH - Alexandria,US,2
TN - Roane County,US,2
AR - Magnolia,US,2
TX - Yoakum,US,2
MN - Bemidji,US,2
NY - Waverly,US,2
NY - Clinton County,US,2
VA - Wise,US,2
TX - Guadalupe County,US,2
IL - Highland,US,2
OH - Magnolia,US,2
MN - Turtle River,US,2
VA - Kenbridge,US,2
VA - Woodstock,US,2
NJ - Seaside Park,US,2
MI - Davison,US,2
TN - Shelbyville,US,2
LA - Springhill,US,2
IA - moline,US,2
TN - Knox,US,2
FL - Denver,US,2
FL - I live in St. Augustine. FL now.,US,2
QC - Anse Comeau,Canada,2
NY - East Lansing,US,2
PA - Southhampton,US,2
NC - Bynum,US,2
NY - Rosendale,US,2
TX - Magnolia,US,2
MI - Hattiesburg,US,2
AL - Rainbow City,US,2
IL - Clinton,US,2
IL - Round Lake Beach,US,2
NC - Clinton,US,2
NY - Norwich,US,2
WI - Waterford,US,2
CA - Moss Beach,US,2
CA - Cambria,US,2
TX - Terlingua,US,2
CO - Alamosa,US,2
CT - Cromwell,US,2
NY - Bellport,US,2
FL - Lafayette,US,2
MA - Sandwich,US,2
VT - Jeffersonville,US,2
MO - Eureka,US,2
OH - Sidney,US,2
AZ - Parker,US,2
FL - Walton County,US,2
TX - Gainesville,US,2
MB - Norway,Canada,2
Santa Teresa,Mexico,2
NC - Oakboro,US,2
OH - Cork,US,2
LA - Amite,US,2
PA - Wycombe,US,2
CT - Port Chester,US,2
SD - Yankton,US,2
MN - Elko,US,2
FL - Pine Island,US,2
NM - Portales,US,2
VT - Plainfield,US,2
CA - Meadow Vista,US,2
FL - Marianna,US,2
AL - Killen,US,2
HI - Waimanalo,US,2
CA - Saint Louis,US,2
SC - Moncks Corner,US,2
OH - Northwest,US,2
OH - Blossom,US,2
TX - Nazareth,US,2
CO - Trinidad,US,2
BC - Lake Country,Canada,2
PA - Pipersville,US,2
OR - Baker City,US,2
MS - Moss Point,US,2
MN - Columbus,US,2
CA - Mcarthur,US,2
MI - Poplar Bluff,US,2
NE - Scottsbluff,US,2
TX - Mexia,US,2
PA - Blairsville,US,2
FL - Anna Maria Island,US,2
IL - Sioux City,US,2
TX - Hooks,US,2
WV - Inwood,US,2
GA - Jefferson,US,2
AL - Muscle Shoals,US,2
ME - Presque Isle,US,2
ME - Carrabassett,US,2
WY - Mills,US,2
AZ - San Diego,US,2
CT - Woodstock,US,2
TX - Alpine,US,2
VT - Richmond,US,2
ND - Williston,US,2
PA - Milton,US,2
MI - Williamsburg,US,2
GA - Fitzgerald,US,2
MO - Biloxi,US,2
TX - Snook,US,2
TX - Gaylord,US,2
GA - Kirkwood,US,2
PA - Waynesboro,US,2
PA - Schnecksville,US,2
CA - Angels Camp,US,2
RI - Cohasset,US,2
TX - Shiner,US,2
TX - Spearman,US,2
SC - Greensboro,US,2
WI - Kohler,US,2
ME - Northport,US,2
NY - Essex County,US,2
TX - Salado,US,2
NC - Buies Creek,US,2
ME - Buxton,US,2
NJ - Browns Mills,US,2
TN - Putnam County,US,2
MI - St. Louis,US,2
MI - Shelby,US,2
MI - Three Rivers,US,2
PA - Barto,US,2
CA - Idyllwild,US,2
AZ - Northern,US,2
NY - Medina,US,2
SC - Hampton,US,2
MI - Clinton County,US,2
OR - Monmouth,US,2
NJ - Southampton,US,2
CA - Hopland,US,2
UT - Richfield,US,2
PA - Strasburg,US,2
MA - Clinton,US,2
TX - Parmer County,US,2
NH - Francestown,US,2
TX - Quinlan,US,2
VA - Tappahannock,US,2
LA - Sulphur,US,2
WI - Cadott,US,2
NH - Wolfeboro,US,2
QC - Fisher,Canada,2
GA - CHATTANOOGA,US,2
NY - Glenwood,US,2
IL - Metamora,US,2
TX - Iowa City,US,2
IL - Poplar Grove,US,2
CA - Coloma,US,2
OK - Kingfisher,US,2
TX - Breckenridge,US,2
VA - Bridgewater,US,2
Vallarta,Mexico,2
FL - Jasper,US,2
CA - Boonville,US,2
TX - Goliad,US,2
PA - Bucks County,US,2
MI - Vandalia,US,2
IN - Kouts,US,2
NY - Big Flats,US,2
TN - Jefferson City,US,2
NC - Brunswick County,US,2
IA - Okoboji,US,2
TX - Bridge City,US,2
TX - Mineola,US,2
VT - Randolph,US,2
CA - Kerman,US,2
CT - Danielson,US,2
NY - Malone,US,2
AL - Tuskegee,US,2
TN - Dyersburg,US,2
CA - Gaviota,US,2
BC - Nig Creek,Canada,2
PA - Ottsville,US,2
GA - Chatsworth,US,2
MO - Louisiana,US,2
CT - Westford,US,2
MI - Sturgis,US,2
TN - Williamson County,US,2
MD - Prince George's County,US,2
NS - Windsor,Canada,2
PA - Edinboro,US,2
NY - Claverack,US,2
AK - Sitka,US,2
MinatitlÃ¡n,Mexico,2
IA - Warren County,US,2
RI - Hampton,US,2
NH - Alton Bay,US,2
TN - Maury County,US,2
QC - Normandin,Canada,2
KS - Junction City,US,2
GA - Toccoa,US,2
NJ - West Milford,US,2
NJ - Lincroft,US,2
QC - Nouvelle-Beauce,Canada,2
VA - Emporia,US,2
NS - Truro,Canada,2
CA - Crystal Bay,US,2
NJ - Somers Point,US,2
VA - Bedford,US,2
OH - Wapakoneta,US,2
MD - Saint Leonard,US,2
MA - Cotuit,US,2
WI - Rhinelander,US,2
ID - Kellogg,US,2
IN - Greensburg,US,2
WI - Spencer,US,2
TX - Winnsboro,US,2
QC - Moncton,Canada,2
VT - Moretown,US,2
NY - Scotia,US,2
WI - Presque Isle,US,2
MI - Lowell,US,2
TX - Hockley,US,2
PA - Hermitage,US,2
IN - Schererville,US,2
NC - Blowing Rock,US,2
AL - Ozark,US,2
TN - Lascassas,US,2
IA - Sioux Falls,US,2
CA - Wrightwood,US,2
NY - Sloatsburg,US,2
NY - Marcy,US,2
NY - Corning,US,2
CO - Lincoln County,US,2
KS - Emporia,US,2
RI - Lowell,US,2
NC - Murfreesboro,US,2
TX - Upton,US,2
PA - Shippensburg,US,2
MI - Duluth,US,2
IN - Naperville,US,2
NY - Horseheads,US,2
TX - Gatesville,US,2
BC - China Hat,Canada,2
TX - Smithville,US,2
NY - Batavia,US,2
OH - Eaton,US,2
HI - Hamakua,US,2
TX - Gordonville,US,2
IN - Roselawn,US,2
TN - Harriman,US,2
OH - Wellington,US,2
IL - La Salle,US,2
ND - McKenzie County,US,2
WY - Lander,US,2
MI - Sebewaing,US,2
FL - Sebring,US,2
TX - Port O'connor,US,2
TX - Manhattan,US,2
TX - Carthage,US,2
KY - Glasgow,US,2
NS - Greenwood,Canada,2
MI - Laingsburg,US,2
ME - Winthrop,US,2
WA - Toppenish,US,2
NE - Gage County,US,2
MA - Princeton,US,2
PA - Landisville PA,US,2
IN - Madison,US,2
IA - Clinton,US,2
SD - Sisseton,US,2
NH - Milford,US,2
WV - Mannington,US,2
MI - Alma,US,2
CA - Copperopolis,US,2
NY - Keuka,US,2
TeziutlÃ¡n,Mexico,2
NU - Iqaluit,Canada,2
CO - Monte Vista,US,2
TX - Burleson County,US,2
MI - West Branch,US,2
CT - Kent,US,2
KS - Lenora,US,2
NC - Dunn,US,2
MN - Hastings,US,2
NL - Wabush,Canada,2
WY - Cody,US,2
TN - Tullahoma,US,2
NJ - Bridgeton,US,2
ND - Mandan,US,2
AL - Shelby County,US,2
NJ - Hopewell,US,2
PA - Fleetwood,US,2
Tuxtepec,Mexico,2
NY - Bolton,US,2
VT - Northfield,US,2
FL - Islamorada,US,2
PA - Derry,US,2
CO - Bond,US,2
MI - Northfield MI,US,2
OH - Union City,US,2
TN - Pleasant View,US,2
MA - Orleans,US,2
LA - Natchitoches,US,2
Valle De Bravo,Mexico,2
WI - Greenville,US,2
NY - Verplanck,US,2
NE - Aurora,US,2
NE - Gothenburg,US,2
OH - Louisville,US,2
NY - Dewitt,US,2
NM - Ruidoso Downs,US,2
NM - Arroyo Hondo,US,2
MI - Montague,US,2
NS - Kentville,Canada,2
TX - Winters,US,2
OR - Canyonville,US,2
OR - Pleasant Hill,US,2
VT - South Royalton,US,2
OK - Noble,US,2
PA - Lehighton,US,2
BC - Fort Nelson,Canada,2
NY - Manorville,US,2
WI - Bayfield,US,2
OR - Coos County,US,2
CT - Bridgewater,US,2
FL - Mobile,US,2
NY - Lima,US,2
IA - Eastern Iowa,US,2
AR - Mountain Home,US,2
VT - Highgate,US,2
NY - Newark,US,2
OH - Denver,US,2
Taxco,Mexico,2
OH - Trenton,US,2
OH - Orrville,US,2
OR - Deschutes County,US,2
WI - Edgerton,US,2
HI - Pahoa,US,2
NY - Greenville,US,2
PA - Paris,US,2
WY - Green River,US,2
OH - Nelsonville,US,2
CO - Mishawaka,US,2
AR - Beebe,US,2
KS - Galena,US,2
IN - Jennings County,US,2
NC - Taylorsville,US,2
BC - Dawson Creek,Canada,2
MD - Fairplay,US,2
MA - Plymouth County,US,2
VA - Madison,US,2
NC - Newland,US,2
NJ - Ocean,US,2
OcotlÃ¡n,Mexico,2
IL - Flossmoor,US,2
FL - Lake Placid,US,2
OH - Wooster,US,2
BC - Mill Bay,Canada,2
NY - Asbury,US,2
UT - Panguitch,US,2
PA - Sharpsville,US,2
NC - Cherry Point,US,2
NH - Dublin,US,2
KY - Grayson,US,2
OH - Ashtabula,US,2
AR - Paragould,US,2
VA - Lakeside,US,2
WI - Hartford,US,2
WI - Troy,US,2
IN - Boone County,US,2
ND - Courtenay,US,2
MN - Lansing,US,2
PA - Woxall,US,2
ID - Worley,US,2
NJ - Beach Haven,US,2
AL - Talladega,US,2
MO - Peculiar,US,2
TX - Delta County,US,2
PA - Danville,US,2
NY - Kerhonkson,US,2
NH - Claremont,US,2
IN - Grant County,US,2
TN - DeKalb County,US,2
AB - Hinton,Canada,2
OH - Frazeysburg,US,2
CA - Red Bluff,US,2
WA - Langley,US,2
Tamaulipas,Mexico,2
CT - wethersfield ct,US,2
NJ - Cresskill,US,2
NH - Rollinsford,US,2
LA - Ponchatoula,US,2
OH - Marysville,US,2
TX - Freeport,US,2
ID - Driggs,US,2
TX - Gonzales,US,2
WV - Clarksburg,US,2
AZ - El Paso,US,2
QC - Baie-Comeau,Canada,2
AL - Fairbanks,US,2
FL - Melborne,US,2
MI - Fenton,US,2
OH - Bethel,US,2
LA - La Fayette,US,2
WI - Combined Locks,US,2
TX - Hondo,US,2
IA - Osceola,US,2
TX - Baird,US,2
TX - Bonham,US,2
ID - Cassia,US,2
IA - Council Bluff,US,2
MO - Bonner Springs,US,2
RI - Richmond,US,2
CA - Marin County,US,2
MD - Great Mills,US,2
NE - Weeping Water,US,2
CA - Paradise,US,2
NH - Rye,US,2
TX - Live Oak,US,2
LA - Mandeville,US,2
QC - Fermont,Canada,2
IL - Wilmington,US,2
IL - Pontiac,US,2
NJ - Warren County,US,2
IL - Morris,US,2
OH - Creston,US,2
OH - Bellville,US,2
IL - Danforth,US,2
NY - Oneida,US,2
PA - Uniontown,US,2
MD - Emmitsburg,US,2
AB - Wembley,Canada,2
CO - Mancos,US,2
TX - Brownwood,US,2
CA - Fortuna,US,2
MI - Marshall,US,2
TX - Corsicana,US,2
NY - Endicott,US,2
CA - Running Springs,US,2
Ciudad Victoria,Mexico,2
TX - Freer,US,2
NC - Elizabeth City,US,2
HI - Lanai City,US,2
OH - Zanesville,US,2
NC - Banner Elk,US,2
NJ - Barnegat,US,2
FL - Apopka,US,2
OR - Talent,US,2
GA - Jasper,US,2
PA - Landingville,US,2
OH - Walbridge,US,2
BC - Smithers,Canada,2
TX - Calhoun County,US,2
CA - Laughlin,US,2
NC - Denton,US,2
NJ - North Caldwell,US,2
PA - Halifax,US,2
WV - Nitro,US,2
AZ - Camp Verde,US,2
WI - Shawano,US,2
OR - Brookings,US,2
MD - Charlestown,US,2
CT - Brooklyn,US,2
WA - Milton,US,2
TX - Lampasas,US,2
NJ - Bayville,US,2
VA - New Kent County,US,2
AR - El Dorado,US,2
VT - Jericho,US,2
MA - North Dartmouth,US,2
WI - Plymouth,US,2
VA - Bent Mountain,US,2
AR - Van Buren,US,2
CA - Yreka,US,2
FL - Hawthorne,US,2
CT - Southbury,US,2
VA - Dublin,US,2
ND - Richland,US,2
WI - Poynette,US,2
TN - Crossville,US,2
WI - Sparta,US,2
NY - Schoharie,US,2
UT - Teasdale,US,2
OK - Guymon,US,2
NY - Rock City,US,2
ME - Auburn,US,2
NC - Roanoke,US,2
IL - Meadowbrook,US,2
IN - Rensselaer,US,2
NL - Charlottetown,Canada,2
FL - Del Ray,US,2
IL - Watseka,US,2
OH - Kingston,US,2
CT - Niantic,US,2
MA - Freetown,US,2
Zamora de Hidalgo,Mexico,2
RI - Block Island,US,2
NY - Bethlehem,US,2
MO - Sunrise Beach,US,2
IN - Greenfield,US,2
MI - Saugatuck,US,2
NJ - Cassville,US,2
VT - Castleton,US,2
OK - Bartlesville,US,2
MA - Baldwinville,US,2
OK - Wewoka,US,2
AR - Batesville,US,2
MI - Gaylord,US,2
LA - St. Landry Parish,US,2
ID - Minidoka,US,2
GA - Bogart,US,2
TX - Gilmer,US,2
MN - Becker,US,2
WA - Lancaster,US,2
MI - Calumet,US,2
MI - Clinton,US,2
CT - London,US,2
OH - Ottawa County,US,2
MI - Michigan City,US,2
QC - Cap-aux-Meules,Canada,2
KY - Oakland,US,2
WV - Snowshoe,US,2
OH - Van Wert,US,2
OH - Mahoning County,US,2
FL - Flagler Beach,US,2
MI - Monroe County,US,2
TX - Luling,US,2
TX - Hearne,US,2
TX - Prosper,US,2
ND - Mercer County,US,2
SC - Prosperity,US,2
MN - Buffalo,US,2
MA - West Boylston,US,2
MD - Middletown,US,2
OH - Greenville,US,2
MI - Sanilac County,US,2
PA - Bath,US,2
TX - Refugio,US,2
MS - University,US,2
MN - Pelican Rapids,US,2
MA - Portsmouth,US,2
FL - Raleigh,US,2
IL - Galesburg,US,2
NJ - Sayersville,US,2
IA - Nevada,US,2
TX - Vernon,US,2
Buenavista,Mexico,2
VT - Wilmington,US,2
BC - Port Mcneill,Canada,2
Guasave,Mexico,2
MT - Miles City,US,2
NH - Sunapee,US,2
NJ - Newport,US,2
TX - Guy,US,2
AL - Anchorage,US,2
FL - boca,US,2
PA - Ventura,US,2
NY - Canastota,US,2
Matehuala,Mexico,2
NC - Craven,US,2
MN - Grand Marais,US,2
KY - Evansville,US,2
PA - Milford,US,2
TX - Jasper,US,2
WI - Menasha,US,2
SD - Mitchell,US,2
ID - Twin Falls County,US,2
GA - Rincon,US,2
NJ - Mcafee,US,2
CA - San Miguel,US,2
WI - Marinette,US,2
NY - Kirkwood,US,2
NJ - Audubon,US,2
TN - Sewanee,US,2
NJ - Raritan,US,2
NY - Orangeburg,US,2
OH - Oregon,US,2
WA - Sedro-Woolley,US,2
RI - Asbury Park,US,2
CA - Livingston,US,2
IL - Peoria Heights,US,2
TN - Athens,US,2
TX - Pampa,US,2
NC - Siler City,US,2
TN - Cookeville TN,US,2
NJ - Seaville,US,2
CA - Nice,US,2
MN - Hibbing,US,2
CA - Mecca,US,2
NC - Pender,US,2
IA - Oskaloosa,US,2
MI - Tecumseh,US,2
FL - Glades,US,1
KS - Oberlin,US,1
QC - Saint-Hippolyte,Canada,1
TX - La Feria,US,1
FL - Tequesta,US,1
MS - Summit,US,1
MA - Western,US,1
NY - East Durham,US,1
WV - Mineral Wells,US,1
OH - Rootstown,US,1
MA - South Bend,US,1
MT - Dodson,US,1
NJ - Augusta,US,1
MA - Narragansett,US,1
MT - Virginia City,US,1
PA - Franklin,US,1
ON - Longlac,Canada,1
NM - Artesia,US,1
PA - Tioga,US,1
FL - Windsor,US,1
NY - Mastic,US,1
OH - Kenyon,US,1
NC - Yancey County,US,1
NJ - Spray Beach,US,1
TX - Wise County,US,1
NH - Henniker,US,1
PA - Cressona,US,1
TX - Eustace,US,1
WA - La Crosse,US,1
MA - Barnstable,US,1
TX - Sutton County,US,1
QC - La Sarre,Canada,1
VA - Myrtle Beach,US,1
NS - New Germany,Canada,1
CA - Phillipsville,US,1
TN - Westmoreland,US,1
LA - Arabi,US,1
IL - Toulon,US,1
IL - Sublette,US,1
NY - Alexander,US,1
QC - Saint-Bernard-de-Michaudville,Canada,1
PA - Point Pleasant,US,1
OK - Medicine Park,US,1
QC - La Motte,Canada,1
NM - Shiprock,US,1
VA - Wheeling,US,1
IL - Atwood,US,1
OR - Glendale,US,1
VA - Surry,US,1
BC - Houston,Canada,1
OH - Holmes,US,1
MT - Cardwell,US,1
NC - Spencer,US,1
WI - Richland Center,US,1
VA - Covington,US,1
TX - Grand Saline,US,1
VA - Fishersville,US,1
NB - Frederiction,Canada,1
QC - Havre-Aubert,Canada,1
LA - Glenmora,US,1
NS - New Waterford,Canada,1
GA - Pine Mountain,US,1
TN - White,US,1
FL - Dayton,US,1
TN - Harrogate,US,1
VT - Huntington,US,1
VA - Troutville,US,1
MO - Fulton,US,1
IL - Evansville,US,1
WV - Terra Alta,US,1
MO - Montgomery City,US,1
MN - Marshall,US,1
AK - Bethel,US,1
HI - Modesto,US,1
OR - Palo Alto,US,1
PA - Dallastown,US,1
NY - Hillsdale,US,1
KY - Powell County,US,1
VA - Gloucester County,US,1
IA - Solon,US,1
PA - Pleasant Hills,US,1
HI - Haiku,US,1
NJ - Sergeantsville,US,1
NY - Leicester,US,1
WA - Chehalis,US,1
GA - Nacoochee,US,1
IA - Milford,US,1
NE - Ogallala,US,1
WA - Silver Lake,US,1
NH - Stratham,US,1
ME - Penobscot County,US,1
MB - Duck Bay,Canada,1
OH - Normal,US,1
CO - Olathe,US,1
BC - Dease Lake,Canada,1
TX - burmont,US,1
ME - Harrison,US,1
BC - Alert Bay,Canada,1
BC - Valemount,Canada,1
IA - Jones County,US,1
IA - Algona,US,1
QC - Luceville,Canada,1
MA - Manomet,US,1
VA - Quantico,US,1
IN - Peru,US,1
TX - Denver,US,1
NY - Parksville,US,1
VT - Townshend,US,1
OK - Okeene,US,1
GA - Bainbridge,US,1
PA - Westmoreland,US,1
TX - Meridian,US,1
NY - Bath,US,1
MN - Pope County,US,1
BC - Terrace,Canada,1
AB - Demmitt,Canada,1
WI - Ripon,US,1
VA - Marion,US,1
ME - Mansfield,US,1
NL - Laval,Canada,1
FL - White Springs,US,1
MO - Webster County,US,1
IN - Osceola,US,1
PA - New Oxford,US,1
MO - Marion,US,1
Tototlan,Mexico,1
NY - Sparkill,US,1
WY - Thermopolis,US,1
MN - Rapid City,US,1
SK - Carrot River,Canada,1
NH - Glen,US,1
NH - Sandown,US,1
AZ - Paige,US,1
IN - Greentown,US,1
KS - Coffeyville,US,1
UT - Sundance,US,1
ND - Foster County,US,1
TX - Lyons,US,1
MN - Albany,US,1
PA - Tamaqua,US,1
LA - Holden,US,1
MT - Dillon,US,1
VT - Bondville,US,1
PA - Dillsburg,US,1
WV - Marshall County,US,1
VA - Weyers Cave,US,1
CA - Norman,US,1
MI - Sandusky,US,1
NE - Falls City,US,1
TN - Linden,US,1
KY - Jenkins,US,1
QC - Black Cape,Canada,1
MO - Maryville,US,1
OH - Hubbard,US,1
MN - Mora,US,1
WI - Cassville,US,1
VT - Bethel,US,1
QC - Petite-Matane,Canada,1
TX - Mill Valley,US,1
WA - Silver Spring,US,1
ND - Mountrail County,US,1
MI - Eau Claire,US,1
PE - East Souris,Canada,1
YT - Pelly Crossing,Canada,1
MI - Berrien Springs,US,1
ON - Northumberland County,Canada,1
AK - Eagle River,US,1
MO - Caruthersville,US,1
SC - Lancaster,US,1
SD - Pierre,US,1
FL - Mount Pleasant,US,1
TN - Crawford,US,1
MN - Roseau,US,1
MO - Nixa Missouri,US,1
NC - Philadelphia,US,1
CA - Westminister,US,1
PA - Girard,US,1
OH - Davis,US,1
TX - Bastrop County,US,1
NC - China Grove,US,1
ND - Ramsey County,US,1
IL - Cleveland,US,1
GA - Vienna,US,1
CT - Salisbury,US,1
AR - Hope,US,1
PA - Lakeville,US,1
IL - Dwight,US,1
TX - D'hanis,US,1
TX - Seymour,US,1
MT - Sydney,US,1
NY - Nedrow,US,1
QC - Brome,Canada,1
WI - Portage,US,1
NH - Franconia,US,1
MI - Van Buren County,US,1
FL - Arcadia,US,1
VA - Saltville,US,1
MI - Frankfort,US,1
NY - Ancramdale,US,1
KY - Hazard,US,1
NY - Wellsville,US,1
FL - Pensocola,US,1
KY - Louisa,US,1
QC - GaspÃ©,Canada,1
IL - Schiller Park,US,1
NJ - Cedar Run,US,1
NE - Frontier County,US,1
FL - Cedar Key,US,1
CA - Arnold,US,1
TX - Whistler,US,1
IL - Cumberland County,US,1
AZ - Welton,US,1
OR - Ontario,US,1
Juchitan,Mexico,1
IN - Springville,US,1
NM - Rio Arriba,US,1
VT - Woodstock,US,1
NS - Sydney River,Canada,1
AR - Clinton,US,1
AZ - Chilchinbito,US,1
ND - Ransom,US,1
MO - Barry County,US,1
FL - Decatur,US,1
KY - Marshall,US,1
IN - Louisville,US,1
NC - Spartanburg,US,1
SC - Timmonsville,US,1
TX - Stonewall,US,1
ON - Kapuskasing,Canada,1
TN - Jellico,US,1
IL - South Beloit,US,1
VA - Farmville,US,1
MN - Waseca County,US,1
TX - Livingston,US,1
TX - Montague County,US,1
KY - Campbell County,US,1
MO - Lebanon,US,1
AB - Spirit River,Canada,1
PA - Glenolden,US,1
VT - Warren,US,1
TX - Media,US,1
MI - Munising,US,1
AZ - Fayetteville,US,1
NC - Sparta,US,1
PA - Adamstown,US,1
IL - Paris,US,1
PA - Mt. Pleasant,US,1
QC - Carleton-sur-Mer,Canada,1
WI - Mosinee,US,1
MN - Mentor,US,1
GA - Lavonia,US,1
NY - leroy,US,1
IL - Dallas City,US,1
CA - Antelope Valley,US,1
PA - Greenville,US,1
AB - Drinnan,Canada,1
WI - Elk Mound,US,1
SC - Blythewood,US,1
MN - Morris,US,1
GA - Elberton,US,1
TX - Port Neches,US,1
TN - Henning,US,1
OH - Hilliard,US,1
MA - Hull,US,1
BC - Dunsmuir,Canada,1
CA - Amador City,US,1
CA - Little River,US,1
SD - Gregory County,US,1
AZ - Del Mar,US,1
QC - Sainte Marthe de Gaspe,Canada,1
MO - Waynesville,US,1
MA - Southfield,US,1
OH - Green Bay,US,1
IA - Inwood,US,1
QC - Father Point,Canada,1
WV - Charlestown,US,1
MS - Picayune,US,1
NJ - Pattenburg,US,1
IN - White County,US,1
NY - Oxford,US,1
MI - Escanaba,US,1
TX - Tampa,US,1
OH - Lake Milton,US,1
OK - Chickasha,US,1
VA - Brandy Station,US,1
VA - Chase City,US,1
AZ - Pinon,US,1
NS - Middleton,Canada,1
NY - Germantown,US,1
CO - Garfield County,US,1
VA - Newport,US,1
SD - Aberdeen,US,1
NV - Tuscaloosa,US,1
TN - Grainger County,US,1
NY - Corinth,US,1
IN - Brownstown,US,1
WV - Roanoke,US,1
MI - Erie,US,1
OH - Tupelo,US,1
NV - Zephyr Cove,US,1
WA - Prosser,US,1
TN - Hickman County,US,1
GA - Peach County,US,1
NH - North Swanzey,US,1
NY - Genesee County,US,1
AZ - Piercy,US,1
PA - Lewistown,US,1
NY - Saint Bonaventure,US,1
NY - Westhampton,US,1
AZ - Tsaile,US,1
MA - South Easton,US,1
CA - Sierra County,US,1
OH - Delaware City,US,1
TN - Lewisburg,US,1
ON - Bearskin Lake,Canada,1
OK - Woodward,US,1
Caborca,Mexico,1
NC - Roxboro,US,1
MI - Green Bay,US,1
PA - Adams County,US,1
IA - Mount Vernon,US,1
OH - Ravenna,US,1
NJ - Brooklawn,US,1
CO - Paonia,US,1
CT - Woodbury,US,1
TX - Mason,US,1
SD - Hot Springs,US,1
MI - Dimondale,US,1
FL - Greensboro,US,1
TX - Plainview,US,1
VA - Barboursville,US,1
TX - La Vernia,US,1
AR - Gentry,US,1
TN - Woodbury,US,1
VT - Underhill,US,1
FL - Boynton,US,1
IA - Arnolds Park,US,1
IA - Storm Lake,US,1
MD - Perryville,US,1
IA - Letts,US,1
IL - Litchfield,US,1
OH - Belpre,US,1
NY - Amenia,US,1
IN - Rockville,US,1
NS - Whycocomagh,Canada,1
UT - Wasatch County,US,1
IL - Mason City,US,1
NC - Surf City,US,1
DC - Tampa,US,1
ME - Oxford,US,1
AB - Mirror,Canada,1
TX - Mountain Home,US,1
PA - Albright,US,1
IL - Carmi,US,1
MI - Dowagiac,US,1
MA - Rochester,US,1
AB - Longview,Canada,1
TX - Harper,US,1
NY - Sodus Point,US,1
SC - Hammond,US,1
PA - Equinunk,US,1
WV - Bluefield,US,1
MI - Vanderbilt,US,1
CA - Exeter,US,1
MI - Linden,US,1
AZ - Tuba City,US,1
WI - Jefferson,US,1
NY - Fulton,US,1
OR - St Paul,US,1
AL - Clanton,US,1
NY - Monticello,US,1
FL - Davey,US,1
Ojo de Agua,Mexico,1
QC - New Richmond,Canada,1
QC - Seven Islands,Canada,1
TX - Lamb County,US,1
VA - Culpeper,US,1
Agua Prieta,Mexico,1
TX - Matagorda County,US,1
TX - Rockport,US,1
FL - Delray,US,1
GA - Houston County,US,1
TX - Proctor,US,1
NY - Silver Creek,US,1
NY - Albion,US,1
PA - Huntington,US,1
OK - Roland,US,1
ME - Vienna,US,1
WA - Omak,US,1
WI - Allouez,US,1
TX - Muenster,US,1
NC - Laurinburg,US,1
TX - Little Rock,US,1
GA - Waycross,US,1
NE - Sidney,US,1
NJ - West Berlin,US,1
FL - Columbia,US,1
KS - Wabaunsee County,US,1
WV - Wyoming County,US,1
MN - Carlton,US,1
IL - Marengo,US,1
MN - Collegeville,US,1
TX - Mount Enterprise,US,1
MI - Milwaukee,US,1
OH - Richland County,US,1
NC - Boiling Springs,US,1
MA - Avon,US,1
ON - Lakehurst,Canada,1
CT - North Stonington,US,1
Sabinas Hidalgo,Mexico,1
PA - Palmerton,US,1
TX - Archer City,US,1
DC - Ballard,US,1
WI - Amherst,US,1
TX - Alley,US,1
FL - Charlotte Harbor,US,1
VA - Shenandoah Valley,US,1
ID - Ketcham,US,1
IL - Glencoe,US,1
MS - Amory,US,1
GA - Orlando,US,1
CA - Point Arena,US,1
FL - Bonifay,US,1
OH - Garrettsville,US,1
NS - Pictou,Canada,1
AL - Monroeville,US,1
OR - Antelope,US,1
AZ - Tombstone,US,1
MI - Village of Lakeview Michigan,US,1
LA - Loranger,US,1
NC - Edenton,US,1
MT - Park County,US,1
AB - Fairview,Canada,1
IL - Edelstein,US,1
AZ - Fountain Hill,US,1
VA - Louisa,US,1
PA - North Washington,US,1
UT - Nephi,US,1
WV - Hico,US,1
NJ - Wrightstown,US,1
WI - Antigo,US,1
NC - Oxford,US,1
GA - Georgetown,US,1
PA - Ellwood City,US,1
WV - Falling Waters,US,1
MT - Boseman,US,1
PE - Murray Harbour,Canada,1
MI - Davisburg,US,1
ON - New Dundee,Canada,1
KY - Carrollton,US,1
RI - Escoheag,US,1
NH - Mason,US,1
PA - Gratz,US,1
PE - Montague,Canada,1
PA - Pine Grove,US,1
SC - Roebuck,US,1
IL - Bridgeport,US,1
AZ - Tolani Lake,US,1
NM - Pinos Altos,US,1
NY - Mountaindale,US,1
OH - Stoutsville,US,1
NH - Kingston,US,1
OH - Morrow County,US,1
WI - Columbus,US,1
AZ - Cottonwood,US,1
GA - Waco,US,1
NY - Tupper Lake,US,1
WA - Elma,US,1
CO - Grand Lake,US,1
WI - Beaver Dam,US,1
BC - Port Simpson,Canada,1
PA - Montgomery County,US,1
IL - Lynwood,US,1
QC - Petite VallÃ©e,Canada,1
MN - Sibley County,US,1
NL - Medicine Hat,Canada,1
FL - Marco Island,US,1
TX - Florence,US,1
MO - Mountain Grove,US,1
LA - Morgan City,US,1
WV - Beckley,US,1
NU - Belcher Islands,Canada,1
NC - Lake Toxaway,US,1
CT - South Meriden,US,1
PA - Carroll Valley,US,1
MI - Birch Run,US,1
TX - Antonio,US,1
UT - Roosevelt,US,1
NV - Lovelock,US,1
MD - Freeland,US,1
TX - Snyder,US,1
NJ - Port Elizabeth,US,1
MN - Pine,US,1
OK - Weatherford,US,1
AZ - Tulsa,US,1
MD - Rock Hall,US,1
CA - El Portal,US,1
DE - DEWEY,US,1
NE - Reno,US,1
TN - Fayetteville,US,1
CA - Susanville,US,1
OH - Miami,US,1
AR - Mountain View,US,1
KY - Burnside,US,1
AZ - Show Low,US,1
NY - Monsey,US,1
FL - Fellsmere,US,1
WI - Twin Lakes,US,1
MN - Hampton,US,1
BC - Kaslo,Canada,1
AZ - Pine Bluff,US,1
SD - Minnehaha County,US,1
AZ - Vilonia,US,1
ME - Knox County,US,1
WI - Silver Lake,US,1
NJ - Milford,US,1
AB - Bitumount,Canada,1
NS - Berwick,Canada,1
FL - East Lansing,US,1
TN - Lincoln County,US,1
TX - Bakersfield,US,1
MI - Springfield,US,1
WV - Point Pleasant,US,1
NJ - Manalapan,US,1
TX - Somerville,US,1
RI - Nantucket,US,1
CO - Delta County,US,1
NJ - Stockton,US,1
GA - Camden County,US,1
PA - Williamsburg,US,1
TN - South Carthage,US,1
FL - Tempe,US,1
OH - East Palestine,US,1
OH - Indian Lakes,US,1
TX - Vidor,US,1
MI - Lake City,US,1
VT - Coventry,US,1
MA - Brocton,US,1
PA - Denver,US,1
IL - Kingston,US,1
SC - Santee,US,1
WI - Bowler,US,1
KY - Paintsville,US,1
AL - Geneva,US,1
OH - Xenia,US,1
NJ - Orange City,US,1
IA - Iowa County,US,1
GA - Eastman,US,1
VT - Rutland County,US,1
VA - Lake Ridge,US,1
MA - Washington,US,1
NJ - Long Beach,US,1
Hidalgo del Parral,Mexico,1
CT - Stonington,US,1
CT - North Windham,US,1
PA - Park City,US,1
MN - Walker,US,1
OR - Gleneden Beach,US,1
NC - Moore County,US,1
MA - Vineyard,US,1
TX - Schleicher County,US,1
TX - Stamford,US,1
TX - Brownville,US,1
CA - Ferndale,US,1
FL - St. George Island,US,1
PA - Radnor,US,1
LA - Henderson,US,1
AK - Valdez,US,1
QC - Oskelaneo,Canada,1
TX - Glen Rose,US,1
NY - Jamesville,US,1
NL - Brossard,Canada,1
GA - Greenville,US,1
VT - Jay,US,1
NY - Roxbury,US,1
AL - Warrior,US,1
Apatzingan,Mexico,1
CO - Rollinsville,US,1
LA - Cut Off,US,1
WA - Darrington,US,1
CT - Goshen,US,1
LA - Crowley,US,1
TX - Borger,US,1
QC - Chapel Hill,Canada,1
TX - Granite Shoals,US,1
NS - Colpton,Canada,1
KY - Christy,US,1
MI - Dallas,US,1
MI - Eaton County,US,1
CO - Red Feather Lakes,US,1
WV - Capon Bridge,US,1
TX - McCulloch,US,1
NJ - Ringwood,US,1
TX - Schroeder,US,1
VA - Cana,US,1
UT - Sanpete,US,1
OR - Yachats,US,1
OR - Orlando,US,1
TX - Luck,US,1
TX - Shreveport,US,1
WA - Esperance,US,1
VA - Hiltons,US,1
ND - Underwood North Dakota,US,1
IN - Steuben County,US,1
SK - Pelican Narrows,Canada,1
NY - Weedsport,US,1
OH - Lewisburg,US,1
TN - Mount Pleasant,US,1
KY - Knoxville,US,1
QC - Mont-Louis,Canada,1
PA - Wyoming County,US,1
NY - Trumansburg,US,1
NC - Bolivia,US,1
WI - Elkhart Lake,US,1
QC - Chandler,Canada,1
OH - Mt Clemens,US,1
NL - Black Bear Bay,Canada,1
FL - Frog,US,1
MI - Clio,US,1
PA - Lansford,US,1
CA - Rio Vista,US,1
TX - Big Lake,US,1
FL - Alys Beach,US,1
AcuÃ±a,Mexico,1
AK - Ketchikan,US,1
VA - Massanutten,US,1
MI - Spring Arbor,US,1
IA - Decorah,US,1
OR - Jackson County,US,1
WI - Viroqua,US,1
Tuxtla,Mexico,1
MD - Talbot County,US,1
NY - Marlboro,US,1
MS - Meadville,US,1
IA - Clarion,US,1
MI - Leslie,US,1
PA - Providence,US,1
GA - Franklin Springs,US,1
MA - East Freetown,US,1
FL - Sanderson,US,1
IN - Montgomery,US,1
NC - Hampton,US,1
VA - Woodberry Forest,US,1
CO - Hotchkiss,US,1
TizimÃ­n Municipality,Mexico,1
BC - Murdale,Canada,1
ME - Blue Hill,US,1
NC - Round Mountain,US,1
IL - Detroit,US,1
PA - Tipton,US,1
MI - Norman Township,US,1
GA - Newborn,US,1
TX - Dublin,US,1
MI - Osseo,US,1
NY - Newburg,US,1
NJ - Barrington,US,1
TX - Leakey,US,1
FL - Kiefer,US,1
OH - Rochester,US,1
PA - Hersey,US,1
MI - Albion,US,1
NS - Hantsport,Canada,1
IA - Indianola,US,1
AL - Montevallo,US,1
CA - Mount Shasta,US,1
KY - Whitesburg,US,1
DC - Columbia,US,1
IN - La Paz,US,1
OH - Archbold,US,1
FL - Auburndale,US,1
MO - Washington,US,1
CA - Dunsmuir,US,1
NC - Tryon,US,1
BC - Kitimat,Canada,1
MO - Hannibal,US,1
FL - Hampton,US,1
TX - Bay City,US,1
TX - Nocona,US,1
KY - Lebanon,US,1
NY - Blue Mountain Lake,US,1
PA - Union County,US,1
AL - Tuscumbia,US,1
QC - Nicolet-Yamaska,Canada,1
NH - Brookfield,US,1
WI - Ellsworth,US,1
TX - Crockett,US,1
MO - Stanton,US,1
AB - Valleyview,Canada,1
OK - Comanche County,US,1
ID - Soda Springs,US,1
MD - North East Maryland,US,1
NJ - Glen Ridge,US,1
MA - Royalston,US,1
GA - Americus,US,1
OK - Okmulgee,US,1
TN - Anderson County,US,1
ON - Pikangikum,Canada,1
WV - Lansing,US,1
VT - Norwich,US,1
MS - New Albany,US,1
AL - Waverly,US,1
TX - Lavaca County,US,1
WI - Minocqua,US,1
MI - North Branch,US,1
AZ - Fort Smith,US,1
NC - Marion,US,1
NJ - Brunswick,US,1
IA - Cass County,US,1
MA - Montague,US,1
BC - Gitwinksihlkw,Canada,1
MT - Browning,US,1
IL - Kewanee,US,1
IN - Versailles,US,1
IL - Canton,US,1
AK - Hot Springs,US,1
CO - Washington County,US,1
MO - Warrensburg,US,1
Salsipuedes,Mexico,1
NC - Flat Rock,US,1
OH - Paulding,US,1
CA - Discovery Bay,US,1
OK - Webbers Falls,US,1
PA - Morrisville,US,1
AB - High Level,Canada,1
OK - Hinton,US,1
FL - Holt,US,1
PA - Honesdale,US,1
OH - Loveland,US,1
PA - Tannersville,US,1
NJ - Pitman,US,1
TX - Dekalb,US,1
NY - Genesee,US,1
RI - North Kingston,US,1
TX - Wellington,US,1
IN - Battle Ground,US,1
NJ - Scranton,US,1
PA - Jersey Shore,US,1
GA - Eatonton,US,1
AZ - Jerome,US,1
WV - Vienna,US,1
MN - Baudette,US,1
TX - Sam Rayburn,US,1
CA - Caruthers,US,1
FL - Avon Park,US,1
NY - Hampton,US,1
RI - Westley,US,1
NY - Wading River,US,1
OH - Nelson,US,1
YT - M'Clintock,Canada,1
FL - Pori,US,1
MD - Northeast,US,1
NY - Lagrangeville,US,1
TX - Prairie,US,1
AR - Logan,US,1
CA - Redcrest,US,1
MT - Sweet Grass County,US,1
WI - Ashland,US,1
OH - Bluffton,US,1
NC - Broadway,US,1
TN - Winchester,US,1
VT - East Burke,US,1
OH - Fulton,US,1
OH - New Madison,US,1
VA - Ruther Glen,US,1
NL - Newfoundland,Canada,1
MI - Jackson County,US,1
AL - Selma,US,1
NJ - Barnegat Light,US,1
MN - New Munich,US,1
MI - Madison,US,1
AB - Sexsmith,Canada,1
IL - East Alton,US,1
NV - Glendale,US,1
ID - Malad City,US,1
OH - King Mills,US,1
PA - Bloomsburgâ€“Berwick,US,1
VA - Charles City County,US,1
MI - Ithaca,US,1
TN - Union County,US,1
MI - Ottawa,US,1
TX - Mcgregor,US,1
AZ - Colorado City,US,1
NY - West Conesville,US,1
MI - Cadillac,US,1
NJ - Rutgers,US,1
AK - Delta Junction,US,1
GA - Powder Springs,US,1
NJ - Fairlawn,US,1
RI - South Kingston,US,1
ON - Killarney,Canada,1
TN - Humboldt,US,1
RI - New Shoreham,US,1
IN - Shelbyville,US,1
Ixtapa,Mexico,1
NC - Spindale,US,1
MO - St. Peters,US,1
IL - Forrest Park,US,1
OH - Mcconnellsville,US,1
TX - Haslet,US,1
OH - Gary,US,1
FL - Monroe,US,1
GA - Hannover,US,1
IA - Templeton,US,1
CA - Jamul,US,1
IN - Monticello,US,1
BC - Wells,Canada,1
MN - Somerset,US,1
IA - Sioux Center,US,1
IN - Indianola,US,1
PA - Wellsboro,US,1
AZ - Kayenta,US,1
ME - Saint John,US,1
NC - Morehead City,US,1
MI - West Olive,US,1
OH - Greensboro,US,1
WI - Platteville,US,1
SC - Ridgeland,US,1
WY - Alpine,US,1
NY - Old Forge,US,1
QC - Les Cedres,Canada,1
AZ - Swansea,US,1
NY - Patterson,US,1
IL - Trenton,US,1
NC - Plymouth,US,1
OK - Stilwell,US,1
TX - Dorchester,US,1
NT - Tsiigehtchic,Canada,1
AR - Dardanelle,US,1
UT - Fort Duchesne UT,US,1
TX - Shackelford County,US,1
PA - New Milford,US,1
TX - Live Oak County,US,1
FL - Brickyard,US,1
ON - Hearst,Canada,1
TX - Cooke County,US,1
NC - Williamston,US,1
TX - Sulpher Springs,US,1
WI - Oconto Falls,US,1
MN - Granite Falls,US,1
PA - Elk County,US,1
AB - Pocahontas,Canada,1
FL - Perdido,US,1
OK - McCurtain,US,1
LA - Anacoco,US,1
IL - Kendall County,US,1
TX - Lynn,US,1
NH - New Ipswich,US,1
PA - Coraopolis,US,1
QC - Fort-George,Canada,1
NS - Stellarton,Canada,1
FL - Jackson,US,1
IL - Dixon,US,1
NC - Greenwood,US,1
PA - Towanda,US,1
BC - Hazelton,Canada,1
QC - Clark City,Canada,1
FL - Clewiston,US,1
CA - Redway,US,1
IL - Effingham,US,1
MS - Bruce,US,1
TX - Moulton,US,1
NY - Limestone,US,1
OH - Lincoln,US,1
MN - Santiago,US,1
CA - North Orange,US,1
WY - Gillette,US,1
ME - Newry,US,1
MA - Canterbury,US,1
PA - Morris,US,1
SK - Lac La Ronge,Canada,1
LA - Scott,US,1
PÃ©njamo,Mexico,1
TX - Navasota,US,1
FL - Long Beach,US,1
SK - Cree Lake,Canada,1
CA - Cayucos,US,1
CA - San Bernardino County,US,1
WI - Oconto County,US,1
PA - Morgantown,US,1
IA - Keokuk,US,1
TX - San Saba,US,1
CA - Weaverville,US,1
IA - Barnum,US,1
LA - Pineville,US,1
GA - Berlin,US,1
QC - Val-Brillant,Canada,1
TN - Lawrence,US,1
GA - Richmond County,US,1
CA - Reno,US,1
GA - Columbia,US,1
FL - Indian Rocks Beach,US,1
TX - Gaston,US,1
NY - Millerton,US,1
IN - Franklin County,US,1
OH - Columbia,US,1
MS - Gautier,US,1
PA - Bradford,US,1
TX - Sweetwater,US,1
IN - Corydon,US,1
QC - Saint-Norbert,Canada,1
IL - Cave-in-Rock,US,1
MI - Burton,US,1
ON - Innerkip,Canada,1
Tuxpan,Mexico,1
NJ - Warren,US,1
TX - Crawford,US,1
HI - Waialua,US,1
TX - Hunter,US,1
LA - Deridder,US,1
IL - Mattoon,US,1
FL - Morgantown,US,1
AR - Benton County,US,1
CA - Tuolumne,US,1
PA - Sewickley,US,1
KY - Livingston County,US,1
OH - Paducah,US,1
ID - Mountain Home,US,1
NY - Boiceville,US,1
NY - Hartford,US,1
VA - Wytheville,US,1
WI - Mondovi,US,1
TX - Bangs,US,1
AZ - Rio Verde,US,1
GA - Griffin,US,1
PA - Cranberry,US,1
IN - Demotte,US,1
ND - Bottineau,US,1
NM - Cloudcroft,US,1
OH - Gallipolis,US,1
CA - Calistoga,US,1
TX - Runnels County,US,1
VT - Windsor County,US,1
CA - Chalfant Valley,US,1
GA - Emanuel,US,1
KS - Russell,US,1
UT - Ivins,US,1
IL - West Frankfort,US,1
AZ - Seba Dalkai,US,1
WY - Sheridan,US,1
ID - Challis,US,1
PA - Glenville,US,1
TX - Port Bolivar,US,1
Salina Cruz,Mexico,1
NU - Charlton Depot,Canada,1
AB - Fox Creek,Canada,1
IL - Granite City,US,1
WY - Alta,US,1
NE - Phelps County,US,1
MN - Atwater,US,1
VT - Marlboro,US,1
NY - Sandy Pond,US,1
NC - Wentworth,US,1
BC - West Kelowna,Canada,1
NT - Fort Wrigley,Canada,1
NY - Little Valley,US,1
WA - Ocean Shores,US,1
LA - Abita Springs,US,1
CA - Three Rivers,US,1
KY - Middlesboro,US,1
AZ - Little Rock,US,1
OR - Harrisburg,US,1
QC - St. Lazare,Canada,1
TX - Brian,US,1
AZ - North Little Rock,US,1
CA - Yuba County,US,1
NV - Jackpot,US,1
VT - Bennington County,US,1
PA - Ligonier,US,1
ON - Dryden,Canada,1
BC - Port Hardy,Canada,1
IN - Manchester,US,1
PA - Boothwyn,US,1
PA - Champion,US,1
VA - Elkton,US,1
Ezequiel Montes,Mexico,1
NC - Saluda,US,1
TX - Irvine,US,1
KS - La Cygne,US,1
QC - Carignan,Canada,1
Cosoleacaque,Mexico,1
NV - Beatty,US,1
NE - Saunders County,US,1
OH - Masury,US,1
AR - Warren,US,1
OH - Ross County,US,1
MA - Hampshire,US,1
MI - Kalkaska,US,1
IA - Dallas Center,US,1
OH - Mercer,US,1
ND - Morton County,US,1
UT - Helper,US,1
MA - Byfield,US,1
LA - Cade,US,1
NC - North Wilkesboro,US,1
NY - Big Indian,US,1
LA - Duson,US,1
MI - Byron,US,1
HI - Kilauea,US,1
TN - Martin,US,1
CO - Dover,US,1
CO - Atlanta,US,1
PA - College,US,1
QC - Sainte-Anne-des-Monts,Canada,1
KY - Bardstown,US,1
IN - Ohio,US,1
PA - Oil City,US,1
MD - Centreville,US,1
GA - Summerville,US,1
CA - Woodside,US,1
OH - New Britain,US,1
NM - Hobbs,US,1
IA - Fort Dodge,US,1
Tlatlauquitepec,Mexico,1
NY - Angola,US,1
SC - Johnsonville,US,1
MI - Manchester,US,1
QC - Chibougamau,Canada,1
PA - Susquehanna,US,1
WY - Caspar,US,1
PA - Montrose,US,1
SC - Elizabeth,US,1
BC - Atlin,Canada,1
IA - Eldridge,US,1
allende,Mexico,1
MD - Abingdon,US,1
WY - Laramie County,US,1
NJ - Longbranch,US,1
OR - Lane County,US,1
WA - Island County,US,1
QC - Harrington Harbour,Canada,1
PA - Campbelltown,US,1
CO - Gold Hill,US,1
OH - Lisbon,US,1
QC - Mistassini,Canada,1
NY - Hillcrest,US,1
TX - Lee County,US,1
WI - Washburn,US,1
TX - Pecos County,US,1
OH - Cedarville,US,1
IL - El Paso,US,1
PA - Telford,US,1
MI - Iron River,US,1
Villa de Zaachila,Mexico,1
OH - Owensboro,US,1
WI - Eagle,US,1
IA - Adel,US,1
NY - Ramapo,US,1
NJ - Union Beach,US,1
TX - Coleman,US,1
PA - Boalsburg,US,1
FL - Haven,US,1
UT - Spring City,US,1
WA - Winthrop,US,1
WA - Eastsound,US,1
OR - Prineville,US,1
MA - Becket,US,1
OH - Bloomington,US,1
WI - Amery,US,1
MI - Michigan Center,US,1
VT - Addison County,US,1
PA - Loretto,US,1
SD - Little Eagle,US,1
AL - Opp,US,1
IL - Atlanta,US,1
IN - Princeton,US,1
PA - Greencastle,US,1
WI - Mukwonago,US,1
CA - Auberry,US,1
MS - Brookhaven,US,1
TX - Marathon,US,1
GA - Tybee Island,US,1
TX - Van Horn,US,1
GA - Leesburg,US,1
CO - Sterling,US,1
CA - Willows,US,1
NJ - Little Ferry,US,1
IL - Saybrook,US,1
PA - Woodlyn,US,1
OH - Denison,US,1
NC - West Jefferson,US,1
ME - Hallowell,US,1
AZ - Tampa,US,1
PE - Georgetown,Canada,1
NS - Baddeck,Canada,1
NJ - High Bridge,US,1
SC - Hartsville,US,1
OH - Hillsboro,US,1
MD - Denton,US,1
MI - Coldwater,US,1
OH - North Hampton,US,1
IL - Mount Vernon,US,1
MN - Saint Peter,US,1
VA - Mountain Lake,US,1
CA - Solana,US,1
Ciudad del Carmen,Mexico,1
MN - Virginia,US,1
PA - Northumberland,US,1
KY - Auburn,US,1
Ciudad Mendoza,Mexico,1
TX - Carrolton,US,1
FL - Myrtle Beach,US,1
LA - St. Louis,US,1
DE - Harrington,US,1
MI - Capac,US,1
NJ - New Lisbon,US,1
BC - Masset,Canada,1
MA - Carlisle,US,1
IA - Marquette,US,1
VT - Pomfret,US,1
NL - Mirabel,Canada,1
AR - Thompson,US,1
NS - Little Bras d'Or,Canada,1
OH - Cardington,US,1
NJ - Hunterdon County,US,1
IA - Northwood,US,1
CO - Grand,US,1
VA - Nelson County,US,1
QC - Poste-de-Mistassini,Canada,1
NV - Indian Springs,US,1
IN - Florence,US,1
MI - Traverse,US,1
IN - Bluffton,US,1
YT - Dawson,Canada,1
TX - Hampton,US,1
MO - Steelville,US,1
CT - Moodus,US,1
TX - Jackson,US,1
NM - Alto,US,1
CO - Ogden,US,1
OK - Vinita,US,1
TX - Crystal Beach,US,1
ON - Blue Mountains,Canada,1
PA - Connellsville,US,1
NY - Baldwin,US,1
NM - Santa Rosa,US,1
ME - Kingfield,US,1
NY - Norwood,US,1
GA - Camden,US,1
MS - Mccomb,US,1
GA - Rocky Ford,US,1
NY - Morrisonville,US,1
NE - Henry,US,1
NL - Cornwall,Canada,1
FL - Bushnell,US,1
OH - Tipp City,US,1
WV - Mullens,US,1
OR - Applegate,US,1
NY - Skaneateles,US,1
WA - Pacific County,US,1
IA - Pella,US,1
PA - Baltimore,US,1
IN - South Haven,US,1
NY - Ellenville,US,1
CO - La Plata County,US,1
NJ - Berkeley Heights,US,1
AZ - Hot Springs,US,1
NY - Addison,US,1
MO - Ridgedale,US,1
MO - Wayne County,US,1
NC - Morrisville,US,1
IA - Madison County,US,1
PA - Hawley,US,1
MB - Thompson,Canada,1
KY - Fort Campbell,US,1
MS - Pontotoc,US,1
MS - Southhaven,US,1
KY - Morgantown,US,1
VA - Lawrenceville,US,1
AZ - Snowflake,US,1
TX - Coldspring,US,1
NJ - Bay Shore,US,1
NY - West Lebanon,US,1
DE - Clayton,US,1
CT - Haddam,US,1
TX - Grapeland,US,1
PA - Sayreville,US,1
PE - Vernon,Canada,1
OH - Omaha,US,1
AK - North Pole,US,1
VT - Arlington,US,1