TERRITORY,COUNTRY_CODE,TOTAL_LISTENERS,SUPER_LISTENERS,SUPER_LISTENER_PCT
LOS ANGELES,US,13384,1527,11.41
NEW YORK,US,12103,1394,11.52
DALLAS-FT. WORTH,US,9746,1010,10.36
CHICAGO,US,8257,824,9.98
SEATTLE-TACOMA,US,6973,565,8.1
SAN ANTONIO,US,6109,744,12.18
"WASHINGTON, DC (HAGRSTWN)",US,5587,530,9.49
SALT LAKE CITY,US,4986,436,8.74
SAN FRANCISCO-OAK-SAN JOSE,US,4892,572,11.69
HOUSTON,US,4381,328,7.49
BOSTON (MANCHESTER),US,4314,360,8.34
DENVER,US,4115,414,10.06
CHARLESTON-HUNTINGTON,US,3867,321,8.3
PHILADELPHIA,US,3809,314,8.24
Montreal,CA,3702,366,9.89
Toronto,CA,3543,482,13.6
NASHVILLE,US,3343,320,9.57
MILWAUKEE,US,2966,221,7.45
CORPUS CHRISTI,US,2758,341,12.36
MINNEAPOLIS-ST. PAUL,US,2749,222,8.08
BURLINGTON-PLATTSBURGH,US,2515,200,7.95
ATLANTA,US,2395,164,6.85
PHOENIX (PRESCOTT),US,2307,203,8.8
ALBUQUERQUE-SANTA FE,US,2226,282,12.67
MIAMI-FT. LAUDERDALE,US,2159,209,9.68
"PORTLAND, OR",US,2083,181,8.69
DETROIT,US,2022,153,7.57
PITTSBURGH,US,2009,146,7.27
KNOXVILLE,US,1878,179,9.53
ORLANDO-DAYTONA BCH-MELBRN,US,1874,155,8.27
SAN DIEGO,US,1841,222,12.06
SHREVEPORT,US,1814,144,7.94
MADISON,US,1773,171,9.64
WHEELING-STEUBENVILLE,US,1721,144,8.37
LAS VEGAS,US,1704,148,8.69
CHARLOTTE,US,1629,117,7.18
AUSTIN,US,1612,150,9.31
WAUSAU-RHINELANDER,US,1588,117,7.37
BLUEFIELD-BECKLEY-OAK HILL,US,1441,108,7.49
MEDFORD-KLAMATH FALLS,US,1414,121,8.56
SACRAMNTO-STKTON-MODESTO,US,1410,113,8.01
TAMPA-ST. PETE (SARASOTA),US,1384,95,6.86
INDIANAPOLIS,US,1287,92,7.15
Vancouver,CA,1250,162,12.96
,MX,1223,97,7.93
WILKES BARRE-SCRANTON-HZTN,US,1212,90,7.43
Guadalajara,MX,1201,81,6.74
CLEVELAND-AKRON (CANTON),US,1194,80,6.7
GREEN BAY-APPLETON,US,1177,78,6.63
PARKERSBURG,US,1163,101,8.68
KANSAS CITY,US,1155,76,6.58
ST. LOUIS,US,1056,67,6.34
Calgary,CA,1047,101,9.65
BALTIMORE,US,1035,71,6.86
NORFOLK-PORTSMTH-NEWPT NWS,US,1012,91,8.99
CINCINNATI,US,987,87,8.81
RALEIGH-DURHAM (FAYETVLLE),US,982,51,5.19
SPOKANE,US,963,62,6.44
CLARKSBURG-WESTON,US,958,77,8.04
ROANOKE-LYNCHBURG,US,926,80,8.64
RICHMOND-PETERSBURG,US,916,63,6.88
LA CROSSE-EAU CLAIRE,US,889,85,9.56
"COLUMBUS, OH",US,885,63,7.12
HARRISBURG-LNCSTR-LEB-YORK,US,873,51,5.84
Ciudad de MÃ©xico,MX,855,88,10.29
GREENVLL-SPART-ASHEVLL-AND,US,799,71,8.89
HARTFORD & NEW HAVEN,US,782,59,7.54
OKLAHOMA CITY,US,768,67,8.72
Monterrey,MX,768,62,8.07
Ottawa,CA,750,73,9.73
HARLINGEN-WSLCO-BRNSVL-MCA,US,738,85,11.52
GRAND RAPIDS-KALMZOO-B.CRK,US,732,47,6.42
WICHITA-HUTCHINSON PLUS,US,725,71,9.79
ALBANY-SCHENECTADY-TROY,US,678,72,10.62
YAKIMA-PASCO-RCHLND-KNNWCK,US,669,57,8.52
WEST PALM BEACH-FT. PIERCE,US,667,59,8.85
WACO-TEMPLE-BRYAN,US,659,43,6.53
Edmonton,CA,638,45,7.05
Puebla,MX,611,45,7.37
SANTABARBRA-SANMAR-SANLUOB,US,597,61,10.22
PROVIDENCE-NEW BEDFORD,US,596,50,8.39
NEW ORLEANS,US,583,37,6.35
SIOUX FALLS(MITCHELL),US,565,38,6.73
COLORADO SPRINGS-PUEBLO,US,553,45,8.14
HONOLULU,US,549,47,8.56
TUCSON (SIERRA VISTA),US,549,48,8.74
Zapopan,MX,535,41,7.66
LOUISVILLE,US,534,50,9.36
Ecatepec de Morelos,MX,532,45,8.46
JOHNSTOWN-ALTOONA-ST COLGE,US,512,35,6.84
DES MOINES-AMES,US,511,31,6.07
BUFFALO,US,510,43,8.43
ERIE,US,503,72,14.31
TYLER-LONGVIEW(LFKN&NCGD),US,489,33,6.75
Mississauga,CA,478,59,12.34
TULSA,US,472,30,6.36
FRESNO-VISALIA,US,468,37,7.91
"ROCHESTER, NY",US,452,36,7.96
JACKSONVILLE,US,448,29,6.47
Winnipeg,CA,447,32,7.16
"TRI-CITIES, TN-VA",US,424,39,9.2
TALLAHASSEE-THOMASVILLE,US,419,30,7.16
"CHARLESTON, SC",US,414,33,7.97
BOISE,US,410,26,6.34
Hamilton,CA,403,34,8.44
BIRMINGHAM (ANN AND TUSC),US,400,25,6.25
London,CA,400,38,9.5
Tijuana,MX,397,38,9.57
Surrey,CA,392,35,8.93
AMARILLO,US,388,24,6.19
GREENSBORO-H.POINT-W.SALEM,US,369,27,7.32
"COLUMBIA, SC",US,368,37,10.05
MEMPHIS,US,365,19,5.21
Chihuahua,MX,364,27,7.42
DAYTON,US,359,22,6.13
LINCOLN & HASTINGS-KRNY,US,358,16,4.47
FT. MYERS-NAPLES,US,355,30,8.45
EL PASO (LAS CRUCES),US,349,34,9.74
Brampton,CA,346,32,9.25
RENO,US,336,39,11.61
CHATTANOOGA,US,325,14,4.31
RAPID CITY,US,320,27,8.44
PORTLAND-AUBURN,US,319,21,6.58
EUGENE,US,317,34,10.73
OMAHA,US,316,11,3.48
Toluca,MX,307,31,10.1
"SPRINGFIELD, MO",US,306,20,6.54
SYRACUSE,US,296,28,9.46
MOBILE-PENSACOLA (FT WALT),US,289,16,5.54
DULUTH-SUPERIOR,US,278,17,6.12
TOLEDO,US,276,22,7.97
CEDAR RAPIDS-WTRLO-IWC&DUB,US,273,14,5.13
Tlalnepantla de Baz,MX,263,24,9.13
BILLINGS,US,260,20,7.69
PALM SPRINGS,US,256,27,10.55
Burnaby,CA,254,25,9.84
Morelia,MX,251,18,7.17
San Luis Potosi,MX,248,23,9.27
Aguascalientes,MX,245,16,6.53
BATON ROUGE,US,244,18,7.38
CHAMPAIGN&SPRNGFLD-DECATUR,US,241,14,5.81
HARRISONBURG,US,240,15,6.25
MONTEREY-SALINAS,US,234,20,8.55
Laval,CA,229,23,10.04
LEXINGTON,US,228,17,7.46
SAVANNAH,US,228,17,7.46
MYRTLE BEACH-FLORENCE,US,221,17,7.69
BINGHAMTON,US,221,31,14.03
FARGO,US,219,15,6.85
Ciudad Nezahualcoyotl,MX,215,18,8.37
Halifax,CA,215,13,6.05
PADUCAH-CAPE GIRARD-HARSBG,US,210,7,3.33
LUBBOCK,US,208,7,3.37
LANSING,US,206,11,5.34
SPRINGFIELD-HOLYOKE,US,204,16,7.84
Mexicali,MX,200,13,6.5
Kitchener,CA,197,21,10.66
ROCKFORD,US,195,18,9.23
CHARLOTTESVILLE,US,194,11,5.67
Guadalupe,MX,192,13,6.77
SOUTH BEND-ELKHART,US,191,12,6.28
Pachuca,MX,191,15,7.85
FT. WAYNE,US,189,5,2.65
Saltillo,MX,187,4,2.14
Cuernavaca,MX,187,16,8.56
PEORIA-BLOOMINGTON,US,186,13,6.99
FT. SMITH-FAY-SPRNGDL-RGRS,US,184,10,5.43
Saskatoon,CA,183,18,9.84
Victoria,CA,178,16,8.99
CASPER-RIVERTON,US,174,4,2.3
LITTLE ROCK-PINE BLUFF,US,173,10,5.78
MontrÃ©al,CA,172,30,17.44
DAVENPORT-R.ISLAND-MOLINE,US,171,8,4.68
Markham,CA,170,19,11.18
Hermosillo,MX,170,11,6.47
HUNTSVILLE-DECATUR (FLOR),US,165,6,3.64
Xalapa,MX,165,13,7.88
MISSOULA,US,164,9,5.49
IDAHO FALS-POCATLLO(JCKSN),US,162,11,6.79
Gatineau,CA,159,25,15.72
Richmond Hill,CA,159,23,14.47
FLINT-SAGINAW-BAY CITY,US,158,11,6.96
Ciudad Apodaca,MX,155,9,5.81
Longueuil,CA,153,17,11.11
Windsor,CA,152,10,6.58
Oakville,CA,151,20,13.25
Kelowna,CA,150,15,10
Villahermosa,MX,149,14,9.4
GREENVILLE-N.BERN-WASHNGTN,US,145,13,8.97
ROCHESTR-MASON CITY-AUSTIN,US,144,12,8.33
Sherbrooke,CA,143,22,15.38
Ojo de Agua,MX,139,12,8.63
BEAUMONT-PORT ARTHUR,US,137,10,7.3
Celaya,MX,137,15,10.95
BAKERSFIELD,US,134,12,8.96
,US,134,16,11.94
Durango,MX,132,7,5.3
YOUNGSTOWN,US,131,7,5.34
Vaughan,CA,130,18,13.85
North York,CA,129,11,8.53
TRAVERSE CITY-CADILLAC,US,128,10,7.81
Oaxaca,MX,128,8,6.25
Burlington,CA,126,13,10.32
North Vancouver,CA,123,21,17.07
GREAT FALLS,US,123,13,10.57
Kingston,CA,122,14,11.48
GAINESVILLE,US,122,13,10.66
AUGUSTA-AIKEN,US,121,8,6.61
MINOT-BSMRCK-DCKNSN(WLSTN),US,120,3,2.5
Regina,CA,120,9,7.5
EVANSVILLE,US,119,10,8.4
Tampico,MX,118,5,4.24
Scarborough,CA,117,13,11.11
MARQUETTE,US,116,5,4.31
Waterloo,CA,114,9,7.89
Barrie,CA,114,9,7.89
SAN ANGELO,US,114,10,8.77
Acapulco,MX,114,4,3.51
Guelph,CA,113,10,8.85
"JACKSON, MS",US,112,6,5.36
CHICO-REDDING,US,110,7,6.36
SIOUX CITY,US,108,5,4.63
WILMINGTON,US,108,9,8.33
BUTTE-BOZEMAN,US,106,11,10.38
WICHITA FALLS & LAWTON,US,106,7,6.6
Etobicoke,CA,105,10,9.52
Richmond,CA,103,15,14.56
CHEYENNE-SCOTTSBLUFF,US,103,9,8.74
Moncton,CA,102,7,6.86
ODESSA-MIDLAND,US,100,3,3
"LAFAYETTE, LA",US,99,11,11.11
Oshawa,CA,98,8,8.16
Irapuato,MX,97,4,4.12
Cambridge,CA,96,5,5.21
Coquitlam,CA,96,12,12.5
Kamloops,CA,94,5,5.32
ABILENE-SWEETWATER,US,93,5,5.38
COLUMBIA-JEFFERSON CITY,US,91,6,6.59
Abbotsford,CA,89,5,5.62
TOPEKA,US,89,4,4.49
GRAND JUNCTION-MONTROSE,US,88,2,2.27
JOPLIN-PITTSBURG,US,88,5,5.68
St. John's,CA,87,11,12.64
Ajax,CA,87,5,5.75
SALISBURY,US,87,4,4.6
BANGOR,US,86,11,12.79
La Paz,MX,85,2,2.35
General Escobedo,MX,84,5,5.95
PANAMA CITY,US,83,5,6.02
ANCHORAGE,US,83,8,9.64
Puebla (Heroica Puebla),MX,81,4,4.94
San Pedro Garza Garcia,MX,81,7,8.64
MONTGOMERY-SELMA,US,80,10,12.5
YUMA-EL CENTRO,US,80,13,16.25
Lethbridge,CA,80,7,8.75
TERRE HAUTE,US,80,7,8.75
Orizaba,MX,79,9,11.39
Red Deer,CA,79,2,2.53
ELMIRA (CORNING),US,77,4,5.19
MACON,US,76,1,1.32
Ixtapaluca,MX,74,5,6.76
Tlaquepaque,MX,73,3,4.11
Naucalpan de JuÃ¡rez,MX,72,7,9.72
HATTIESBURG-LAUREL,US,72,4,5.56
Playa del Carmen,MX,71,1,1.41
Whitby,CA,71,5,7.04
New Westminster,CA,71,10,14.08
BILOXI-GULFPORT,US,70,8,11.43
Terrebonne,CA,70,6,8.57
Reynosa,MX,70,4,5.71
Tepic,MX,69,9,13.04
Pickering,CA,68,7,10.29
St. Catharines,CA,67,3,4.48
Nanaimo,CA,67,4,5.97
Veracruz,MX,65,3,4.62
LAREDO,US,65,1,1.54
Laredo,US,63,4,6.35
Sherwood Park,CA,63,4,6.35
Fredericton,CA,62,2,3.23
Peterborough,CA,61,4,6.56
Milton,CA,60,2,3.33
Newmarket,CA,59,5,8.47
Chilliwack,CA,59,5,8.47
Metepec,MX,59,7,11.86
"COLUMBUS, GA (OPELIKA, AL)",US,59,1,1.69
Brantford,CA,59,0,0
Coatzacoalcos,MX,57,5,8.77
EUREKA,US,57,6,10.53
Blainville,CA,57,9,15.79
"JACKSON, TN",US,57,5,8.77
QuerÃ©taro,MX,56,6,10.71
Brossard,CA,55,7,12.73
SHERMAN-ADA,US,55,0,0
Heroica Veracruz,MX,55,3,5.45
MONROE-EL DORADO,US,55,3,5.45
WATERTOWN,US,55,4,7.27
Cholula,MX,55,7,12.73
Thunder Bay,CA,54,4,7.41
Maple Ridge,CA,54,5,9.26
Juriquilla,MX,54,1,1.85
Ensenada,MX,54,5,9.26
Ciudad Adolfo LÃ³pez Mateos,MX,54,6,11.11
GREENWOOD-GREENVILLE,US,52,1,1.92
Vaudreuil-Dorion,CA,52,9,17.31
Niagara Falls,CA,51,6,11.76
Langley,CA,51,3,5.88
Zumpango,MX,51,1,1.96
Tlaxcala,MX,51,5,9.8
Puerto Vallarta,MX,51,7,13.73
QuÃ©bec,CA,50,3,6
Thornhill,CA,50,5,10
Delta,CA,50,10,20
Uruapan,MX,50,1,2
LeÃ³n de los Aldama,MX,48,2,4.17
El Pueblito,MX,48,0,0
Dartmouth,CA,46,0,0
Prince George,CA,46,2,4.35
QUINCY-HANNIBAL-KEOKUK,US,46,3,6.52
Los Mochis,MX,45,3,6.67
COLUMBUS-TUPELO-W PNT-HSTN,US,45,1,2.22
Saint-Jean-sur-Richelieu,CA,44,3,6.82
Saint-Eustache,CA,44,9,20.45
Port Coquitlam,CA,44,4,9.09
MANKATO,US,44,4,9.09
UTICA,US,44,2,4.55
Chilpancingo,MX,43,2,4.65
CuautitlÃ¡n Izcalli,MX,43,4,9.3
"LAFAYETTE, IN",US,43,2,4.65
San Luis PotosÃ­,MX,43,6,13.95
Nepean,CA,43,4,9.3
Saint John,CA,42,5,11.9
Campeche,MX,42,3,7.14
Nuevo Laredo,MX,42,3,7.14
San Miguel de Allende,MX,42,2,4.76
Charlottetown,CA,41,4,9.76
Aurora,CA,41,3,7.32
Cuautla,MX,41,1,2.44
Tizayuca,MX,41,3,7.32
Airdrie,CA,40,1,2.5
Oak Bay,CA,40,7,17.5
Huamantla,MX,40,2,5
Zamora,MX,39,0,0
Monclova,MX,39,3,7.69
MÃ©rida,MX,38,4,10.53
Tlalpan,MX,38,3,7.89
Santa Catarina,MX,37,0,0
Sarnia,CA,37,3,8.11
Courtenay,CA,36,2,5.56
North Bay,CA,36,4,11.11
TWIN FALLS,US,35,3,8.57
Salamanca,MX,35,1,2.86
Toluca de Lerdo,MX,35,2,5.71
Ciudad Victoria,MX,34,5,14.71
York,CA,34,2,5.88
Whistler,CA,34,6,17.65
Mascouche,CA,34,3,8.82
Repentigny,CA,34,1,2.94
Boucherville,CA,34,5,14.71
Granby,CA,33,2,6.06
BOWLING GREEN,US,33,1,3.03
Vernon,CA,33,3,9.09
Tehuacan,MX,33,0,0
Ciudad del Carmen,MX,33,3,9.09
Grande Prairie,CA,32,2,6.25
Coacalco,MX,32,5,15.63
San Agustin,MX,32,3,9.38
Welland,CA,32,2,6.25
Sudbury,CA,32,1,3.13
San Juan Del Rio,MX,31,2,6.45
West Vancouver,CA,31,5,16.13
Drummondville,CA,31,1,3.23
Matamoros,MX,30,3,10
San NicolÃ¡s de los Garza,MX,30,2,6.67
St. Albert,CA,29,4,13.79
Buenavista,MX,29,1,3.45
Sainte-Julie,CA,29,4,13.79
Maple,CA,29,4,13.79
San Pedro Garza GarcÃ­a,MX,29,3,10.34
LAKE CHARLES,US,29,3,10.34
Huixquilucan de Degollado,MX,29,3,10.34
Zacatecas,MX,28,1,3.57
Orillia,CA,28,1,3.57
Woodstock,CA,28,1,3.57
Poza Rica,MX,28,2,7.14
Woodbridge,CA,28,2,7.14
TorreÃ³n,MX,28,6,21.43
JuÃ¡rez,MX,28,0,0
OTTUMWA-KIRKSVILLE,US,28,2,7.14
Mirabel,CA,28,1,3.57
Medicine Hat,CA,27,0,0
Timmins,CA,27,2,7.41
East York,CA,27,1,3.7
CancÃºn,MX,27,0,0
Arandas,MX,27,2,7.41
Fresnillo,MX,26,0,0
"ALBANY, GA",US,26,1,3.85
Tulancingo,MX,26,4,15.38
Collingwood,CA,26,0,0
Belleville,CA,26,2,7.69
Port Moody,CA,26,1,3.85
Nogales,MX,25,2,8
Villas Del Poniente,MX,25,3,12
TultitlÃ¡n de Mariano Escobedo,MX,25,0,0
Bowmanville,CA,24,2,8.33
Canmore,CA,24,6,25
Saint-Hyacinthe,CA,24,2,8.33
Cochrane,CA,24,1,4.17
Colima,MX,24,1,4.17
Orangeville,CA,23,1,4.35
Tapachula,MX,23,3,13.04
Cabo San Lucas,MX,23,3,13.04
Sault Ste. Marie,CA,23,3,13.04
Temple,US,23,2,8.7
Garcia,MX,23,1,4.35
Campbell River,CA,22,1,4.55
DOTHAN,US,22,0,0
Apodaca,MX,22,1,4.55
Beloeil,CA,22,3,13.64
Stratford,CA,22,0,0
Manzanillo,MX,22,0,0
Stoney Creek,CA,22,1,4.55
Pointe-Claire,CA,21,2,9.52
Verdun,CA,21,3,14.29
Guanajuato,MX,21,2,9.52
Chiautempan,MX,21,0,0
Tecamac de Felipe Villanueva,MX,21,0,0
San Miguel Zinacantepec,MX,21,3,14.29
Brandon,CA,21,1,4.76
Cranbrook,CA,21,1,4.76
La Prairie,CA,21,2,9.52
Ancaster,CA,21,1,4.76
Kanata,CA,20,4,20
Okotoks,CA,20,1,5
Fort McMurray,CA,20,1,5
Lagos de Moreno,MX,20,1,5
Xalapa-EnrÃ­quez,MX,20,3,15
Tlalnepantla,MX,19,5,26.32
Pachuca de Soto,MX,19,1,5.26
Spruce Grove,CA,19,1,5.26
Rouyn-Noranda,CA,19,3,15.79
San Pablo Autopan,MX,19,1,5.26
Victoriaville,CA,18,1,5.56
Marfil,MX,18,0,0
Penticton,CA,18,0,0
Chambly,CA,18,1,5.56
Valle de Bravo,MX,18,1,5.56
Saint-Laurent,CA,18,3,16.67
San Mateo Atenco,MX,18,0,0
Cornwall,CA,18,3,16.67
Ciudad General Escobedo,MX,18,0,0
JONESBORO,US,18,0,0
Chetumal,MX,18,2,11.11
"BEND, OR",US,18,1,5.56
Leduc,CA,18,0,0
Emiliano Zapata,MX,17,1,5.88
Prince Albert,CA,17,4,23.53
Owen Sound,CA,17,1,5.88
Sainte-Catherine,CA,17,2,11.76
Chatham,CA,17,0,0
Morelos,MX,17,0,0
Ocoyoacac,MX,17,3,17.65
Sydney,CA,17,0,0
Progreso,MX,17,2,11.76
Terrace,CA,17,0,0
Chestermere,CA,17,1,5.88
Squamish,CA,16,0,0
Nelson,CA,16,2,12.5
Banff,CA,16,1,6.25
Revelstoke,CA,16,4,25
West Kelowna,CA,16,0,0
Coacalco de Berriozabal,MX,16,2,12.5
CuliacÃ¡n Rosales,MX,15,1,6.67
OrlÃ©ans,CA,15,2,13.33
ZANESVILLE,US,15,0,0
Victoria de Durango,MX,15,0,0
LIMA,US,15,0,0
Miramichi,CA,15,1,6.67
Whitehorse,CA,15,2,13.33
Thorold,CA,15,2,13.33
Lloydminster,CA,15,2,13.33
St. Thomas,CA,15,2,13.33
MÃ©xico,MX,15,0,0
Pembroke,CA,15,2,13.33
L'Assomption,CA,15,1,6.67
Mont-Tremblant,CA,15,1,6.67
Trois-RiviÃ¨res,CA,15,2,13.33
Piedras Negras,MX,15,0,0
Saint-Hubert,CA,14,3,21.43
Lomas de Cocoyoc,MX,14,0,0
Salaberry-de-Valleyfield,CA,14,0,0
Saint-Georges,CA,14,1,7.14
Atlixco,MX,14,0,0
Sanctorum,MX,14,0,0
Magog,CA,14,2,14.29
Saint-Constant,CA,14,1,7.14
Rioverde,MX,14,0,0
Lower Sackville,CA,14,0,0
Guaymas,MX,14,0,0
Rimouski,CA,14,2,14.29
Mixquiahuala,MX,14,1,7.14
Quinte West,CA,13,0,0
Mission,CA,13,0,0
Fort Saskatchewan,CA,13,1,7.69
Port Alberni,CA,13,0,0
Candiac,CA,13,1,7.69
Lasalle,CA,13,1,7.69
Tuxpan,MX,13,0,0
Sorel-Tracy,CA,13,2,15.38
Sainte-Marthe-sur-le-Lac,CA,13,0,0
Bolton,CA,13,1,7.69
Tula,MX,13,1,7.69
Tlajomulco de ZÃºÃ±iga,MX,13,1,7.69
VICTORIA,US,13,1,7.69
Bedford,CA,13,1,7.69
Lachine,CA,13,1,7.69
Cobourg,CA,13,2,15.38
Delicias,MX,12,0,0
Truro,CA,12,1,8.33
Apizaco,MX,12,2,16.67
Moose Jaw,CA,12,3,25
Tamazunchale,MX,12,0,0
Ciudad Santa Catarina,MX,12,0,0
Keswick,CA,12,1,8.33
LÃ©vis,CA,12,1,8.33
Yellowknife,CA,12,1,8.33
JUNEAU,US,12,0,0
New Glasgow,CA,12,0,0
Joliette,CA,12,2,16.67
San Juan de los Lagos,MX,12,2,16.67
Boisbriand,CA,11,0,0
Pitt Meadows,CA,11,2,18.18
Georgetown,CA,11,1,9.09
CuautitlÃ¡n,MX,11,0,0
Gloucester,CA,11,0,0
Atlacomulco,MX,11,1,9.09
Saint-Sauveur,CA,11,1,9.09
Caledon,CA,11,2,18.18
Zihuatanejo,MX,11,2,18.18
Saint-Basile-le-Grand,CA,11,2,18.18
"ALEXANDRIA, LA",US,11,1,9.09
Pierrefonds,CA,11,2,18.18
Uxbridge,CA,11,2,18.18
Grimsby,CA,11,0,0
Cuajimalpa,MX,11,0,0
Corner Brook,CA,10,2,20
Simcoe,CA,10,0,0
Lavaltrie,CA,10,1,10
Courtice,CA,10,0,0
Tuxtla GutiÃ©rrez,MX,10,2,20
Vegreville,CA,10,0,0
Beaumont,CA,10,0,0
Kenora,CA,10,0,0
Bathurst,CA,10,0,0
Los Reyes,MX,10,1,10
ST. JOSEPH,US,10,1,10
Dundas,CA,10,2,20
San Luis de la Paz,MX,10,0,0
Victor Rosales,MX,10,0,0
Valle de Santiago,MX,10,0,0
Innisfil,CA,10,0,0
Mont-Saint-Hilaire,CA,10,1,10
Ocotlan,MX,10,1,10
Dollard-des-Ormeaux,CA,10,0,0
Macuspana,MX,10,0,0
New Tecumseth,CA,10,0,0
Stony Plain,CA,10,1,10
Hidalgo,MX,10,0,0
Bracebridge,CA,10,1,10
Cold Lake,CA,10,0,0
Stouffville,CA,10,0,0
Montemorelos,MX,10,1,10
Tejupilco de Hidalgo,MX,10,1,10
Navojoa,MX,9,1,11.11
Ciudad Valles,MX,9,2,22.22
Summerside,CA,9,2,22.22
MazatlÃ¡n,MX,9,0,0
Williams Lake,CA,9,0,0
Ramos Arizpe,MX,9,0,0
Taxtitla,MX,9,2,22.22
Sainte-Sophie,CA,9,3,33.33
Dolbeau-Mistassini,CA,9,0,0
NORTH PLATTE,US,9,1,11.11
Acapulco de JuÃ¡rez,MX,9,1,11.11
TonalÃ¡,MX,9,1,11.11
Paradise,CA,9,1,11.11
Dorval,CA,9,1,11.11
Kirkland,CA,9,1,11.11
Yarmouth,CA,9,0,0
Westmount,CA,9,0,0
Beaconsfield,CA,9,1,11.11
Dolores Hidalgo,MX,9,0,0
San Juan del Rio,MX,9,0,0
Quispamsis,CA,9,2,22.22
Parksville,CA,9,0,0
San AndrÃ©s Cholula,MX,9,0,0
Melchor Ocampo,MX,9,1,11.11
Villa NicolÃ¡s Romero,MX,9,0,0
Smiths Falls,CA,9,0,0
Los Angeles,MX,9,1,11.11
Altamira,MX,9,2,22.22
Fernie,CA,9,0,0
Miramar,MX,9,1,11.11
Saint-Lambert,CA,9,1,11.11
Wolfville,CA,9,1,11.11
Tierra Blanca,MX,9,0,0
Perth,CA,9,0,0
Brockville,CA,9,1,11.11
Outremont,CA,9,1,11.11
Salmon Arm,CA,9,0,0
Prince Rupert,CA,9,0,0
FAIRBANKS,US,9,0,0
Wainwright,CA,8,2,25
Varennes,CA,8,0,0
Fort Erie,CA,8,1,12.5
Antigonish,CA,8,2,25
Castlegar,CA,8,0,0
Alma,CA,8,1,12.5
Salina Cruz,MX,8,0,0
Portage La Prairie,CA,8,0,0
Baie-Comeau,CA,8,1,12.5
Valladolid,MX,8,2,25
Madero,MX,8,1,12.5
Val-d'Or,CA,8,2,25
Camrose,CA,8,0,0
Kimberley,CA,8,1,12.5
Tenango de Arista,MX,8,0,0
Quesnel,CA,8,1,12.5
Pincourt,CA,8,0,0
El Salto,MX,8,2,25
Chalco,MX,8,0,0
Wasaga Beach,CA,8,0,0
Dieppe,CA,8,0,0
Miguel Hidalgo,MX,8,2,25
Tecate,MX,8,1,12.5
Steinbach,CA,8,0,0
Whitecourt,CA,8,0,0
Riverview,CA,8,1,12.5
Oaxaca de JuÃ¡rez,MX,8,0,0
La Malbaie,CA,8,1,12.5
ChimalhuacÃ¡n,MX,8,0,0
Fort St. John,CA,8,0,0
Essex,CA,7,1,14.29
Sidney,CA,7,0,0
Ciudad Madero,MX,7,0,0
Deux-Montagnes,CA,7,1,14.29
Thompson,CA,7,1,14.29
Kingsville,CA,7,0,0
Kitimat,CA,7,1,14.29
Cortazar,MX,7,0,0
Chalco de DÃ­az Covarrubias,MX,7,0,0
Tecamachalco,MX,7,0,0
Coatepec,MX,7,1,14.29
San Francisco Juriquilla,MX,7,0,0
PRESQUE ISLE,US,7,0,0
Rosarito,MX,7,1,14.29
Deep River,CA,7,1,14.29
Atotonilco el Alto,MX,7,0,0
L'Ancienne-Lorette,CA,7,1,14.29
Sainte-Marie,CA,7,0,0
Santa Teresa,MX,7,0,0
Actopan,MX,7,0,0
Shawinigan,CA,7,0,0
Santa Rosa Treinta,MX,7,1,14.29
Casselman,CA,7,0,0
Tofino,CA,7,1,14.29
Fergus,CA,7,2,28.57
Mount Pearl,CA,7,1,14.29
Lincoln,CA,7,1,14.29
MERIDIAN,US,7,1,14.29
Valle de Chalco Solidaridad,MX,7,0,0
Aldergrove,CA,7,1,14.29
Garson,CA,7,0,0
Mont-Royal,CA,7,0,0
Zapotlanejo,MX,7,0,0
Drayton Valley,CA,7,0,0
Saint-Colomban,CA,7,2,28.57
Apatzingan,MX,7,0,0
Carleton Place,CA,6,0,0
New Hamburg,CA,6,0,0
Edson,CA,6,0,0
Montmagny,CA,6,1,16.67
Sainte-Agathe-des-Monts,CA,6,0,0
Pointe-aux-Trembles,CA,6,0,0
White Rock,CA,6,2,33.33
Hanover,CA,6,0,0
Brooks,CA,6,1,16.67
Chiapa de Corzo,MX,6,1,16.67
Huauchinango,MX,6,0,0
Innisfail,CA,6,0,0
Capilla de Guadalupe,MX,6,0,0
Uriangato,MX,6,0,0
San Salvador Atenco,MX,6,1,16.67
Estevan,CA,6,1,16.67
East Gwillimbury,CA,6,0,0
Shawnigan Lake,CA,6,1,16.67
Port Colborne,CA,6,0,0
CÃ³rdoba,MX,6,1,16.67
Midland,CA,6,0,0
El Tejar,MX,6,1,16.67
Vicente Guerrero,MX,6,0,0
Olds,CA,6,1,16.67
Ingersoll,CA,6,0,0
100 Mile House,CA,6,0,0
Yuriria,MX,6,0,0
Embrun,CA,6,0,0
Lorraine,CA,6,1,16.67
Greenfield Park,CA,6,0,0
Invermere,CA,6,0,0
Saanichton,CA,6,0,0
Ciudad Mante,MX,6,0,0
San Rafael,MX,6,1,16.67
Lake Country,CA,6,2,33.33
Trail,CA,6,0,0
Edgewater,US,6,2,33.33
Salvatierra,MX,6,1,16.67
Nicolet,CA,6,1,16.67
Ameca,MX,6,1,16.67
Gander,CA,6,0,0
Elora,CA,6,0,0
San Pedro Cholula,MX,6,0,0
Tenancingo,MX,6,0,0
Chignahuapan,MX,6,0,0
Foxboro,CA,6,0,0
Ãlamo Rustico,MX,6,2,33.33
Chelsea,CA,6,0,0
Pont-Rouge,CA,6,0,0
Tecumseh,CA,6,0,0
Qualicum Beach,CA,6,0,0
Concord,CA,6,1,16.67
Norwich,CA,5,0,0
Saint-Lazare,CA,5,0,0
Lynden,CA,5,1,20
MinatitlÃ¡n,MX,5,1,20
Poza Rica de Hidalgo,MX,5,1,20
Residencial Hacienda San MartÃ­n,MX,5,0,0
Jasper,CA,5,0,0
North Battleford,CA,5,0,0
Thetford Mines,CA,5,0,0
Hammonds Plains,CA,5,0,0
Middle Sackville,CA,5,0,0
Rocky Mountain House,CA,5,0,0
San Juan de las Manzanas,MX,5,0,0
Texcoco de Mora,MX,5,1,20
Ciudad GuzmÃ¡n,MX,5,1,20
Tantoyuca,MX,5,0,0
Saint-Lin-Laurentides,CA,5,0,0
Grand Forks,CA,5,0,0
Sechelt,CA,5,1,20
Tula de Allende,MX,5,0,0
Merritt,CA,5,0,0
Stittsville,CA,5,0,0
Fort Frances,CA,5,0,0
King City,CA,5,2,40
Cozumel,MX,5,1,20
La Piedad,MX,5,0,0
Snow Road Station,CA,5,1,20
Comalcalco,MX,5,0,0
San Francisco Tlalcilalcalpan,MX,5,0,0
Santiago Ixcuintla,MX,5,1,20
Hinton,CA,5,0,0
Teziutlan,MX,5,0,0
Amos,CA,5,1,20
Erin,CA,5,0,0
Leamington,CA,5,2,40
Lachute,CA,5,0,0
Cuautlancingo,MX,5,0,0
Galiano,CA,5,1,20
Port Elgin,CA,5,0,0
Santa Maria Tultepec,MX,5,2,40
Cardonal,MX,5,1,20
Fonthill,CA,5,0,0
Lively,CA,5,0,0
Iguala de la Independencia,MX,5,0,0
La piedad de Cabadas,MX,5,0,0
Heroica Nogales,MX,5,0,0
Xochitepec,MX,5,1,20
Benito Juarez,MX,5,0,0
Goderich,CA,5,0,0
El Rosario,MX,5,1,20
Port Hope,CA,5,1,20
Temixco,MX,5,0,0
Lindsay,CA,5,0,0
Crofton,CA,5,1,20
Smithers,CA,5,0,0
CÃ´te Saint-Luc,CA,5,1,20
Selkirk,CA,5,1,20
Bois-des-Filion,CA,5,1,20
Tepeaca,MX,5,0,0
Port Dover,CA,5,0,0
Westbank,CA,5,1,20
Almonte,CA,5,0,0
Zacapu,MX,5,0,0
Ticul,MX,5,0,0
Breslau,CA,5,0,0
Port Perry,CA,5,1,20
Mercier,CA,5,0,0
Kemptville,CA,5,0,0
Amherst,CA,5,1,20
Morinville,CA,5,0,0
Santiago Papasquiaro,MX,5,0,0
Osoyoos,CA,5,0,0
Trenton,CA,5,0,0
Ahualulco de Mercado,MX,4,0,0
Baden,CA,4,1,25
Tepatepec,MX,4,0,0
Langdon,CA,4,0,0
Santiago,MX,4,1,25
Ignacio de La Llave,MX,4,0,0
Saint-LÃ©onard,CA,4,1,25
Las Lomas,MX,4,1,25
Zona este Milenio III,MX,4,0,0
Fort Nelson,CA,4,0,0
Ile des Chenes,CA,4,0,0
Heroica Guaymas,MX,4,0,0
New Richmond,CA,4,0,0
Espanola,CA,4,0,0
Saint-Gilles,CA,4,0,0
Schomberg,CA,4,1,25
Chiconcuac,MX,4,1,25
Azcapotzalco,MX,4,1,25
Bromont,CA,4,0,0
Saint-Amable,CA,4,0,0
Mont-Laurier,CA,4,0,0
Saint-Augustin-de-Desmaures,CA,4,1,25
Carignan,CA,4,0,0
Cananea,MX,4,0,0
Russell,CA,4,0,0
Lacombe,CA,4,0,0
Farnham,CA,4,0,0
Beauharnois,CA,4,0,0
Nuevo Vallarta,MX,4,0,0
San Cayetano Morelos,MX,4,0,0
Centro,MX,4,1,25
Flin Flon,CA,4,0,0
Kincardine,CA,4,2,50
Acayucan,MX,4,0,0
Martinez de La Torre,MX,4,0,0
Caledonia,CA,4,0,0
Leith,CA,4,0,0
Huimanguillo,MX,4,1,25
Saint-JÃ©rÃ´me,CA,4,1,25
Amherstburg,CA,4,0,0
Manotick,CA,4,0,0
Mitchell,CA,4,0,0
Morden,CA,4,0,0
Heroica Matamoros,MX,4,0,0
Distrito Federal,MX,4,0,0
Winchester Springs,CA,4,1,25
Greenwood,CA,4,1,25
Saddle Lake,CA,4,0,0
Pueblo Nuevo,MX,4,0,0
Hampton,CA,4,0,0
Powell River,CA,4,0,0
San MartÃ­n Texmelucan de Labastida,MX,4,0,0
La Tuque,CA,4,0,0
Compostela,MX,4,1,25
Creston,CA,4,0,0
Bonnyville,CA,4,0,0
Nanoose Bay,CA,4,0,0
Martensville,CA,4,0,0
North Saanich,CA,4,0,0
St. Andrews,CA,4,0,0
Los Reyes de Salgado,MX,4,0,0
Petawawa,CA,4,0,0
Pachuquilla,MX,4,0,0
Aylmer,CA,4,0,0
Parry Sound,CA,4,0,0
Happy Valley-Goose Bay,CA,4,0,0
Cookshire-Eaton,CA,4,0,0
Saint-Nicolas,CA,4,1,25
Renfrew,CA,4,0,0
Victoria,MX,4,1,25
Hidalgo del Parral,MX,4,0,0
Huntsville,CA,4,0,0
Fox Creek,CA,4,1,25
Strathmore,CA,4,0,0
Silao,MX,4,1,25
Loreto,MX,4,0,0
Edmundston,CA,4,0,0
Ixmiquilpan,MX,4,0,0
Orford,CA,4,1,25
Agua Prieta,MX,4,1,25
Teocaltiche,MX,4,0,0
MontrÃ©al-Nord,CA,4,0,0
Warman,CA,4,0,0
Mill Bay,CA,4,1,25
Zacatepec de Hidalgo,MX,4,0,0
Anjou,CA,4,0,0
Vista Hermosa,MX,4,0,0
Unionville,CA,4,0,0
Donnacona,CA,4,0,0
Angus,CA,4,1,25
TepotzotlÃ¡n,MX,4,1,25
Belle River,CA,4,1,25
Tillsonburg,CA,4,0,0
Bradford,CA,4,1,25
Gibsons,CA,4,0,0
Abasolo,MX,3,0,0
Grand Bay-Westfield,CA,3,1,33.33
Gold River,CA,3,0,0
Enfield,CA,3,0,0
Kentville,CA,3,0,0
Ta Ta Creek,CA,3,0,0
Winkler,CA,3,0,0
Coteau-du-Lac,CA,3,0,0
Asbestos,CA,3,0,0
Las Pintas,MX,3,1,33.33
San Juan Bautista Tuxtepec,MX,3,1,33.33
Ciudad JuÃ¡rez,MX,3,1,33.33
Ridgetown,CA,3,0,0
Roberval,CA,3,0,0
Santiago Tlapacoya Centro,MX,3,0,0
Durham,CA,3,1,33.33
Los Reyes Acaquilpan (La Paz),MX,3,0,0
Kahnawake,CA,3,0,0
San miguel de Allende,MX,3,1,33.33
AtizapÃ¡n de Zaragoza,MX,3,0,0
Lunenburg,CA,3,0,0
Labrador City,CA,3,0,0
Beamsville,CA,3,0,0
Teoloyucan,MX,3,0,0
Xalisco,MX,3,1,33.33
Brisas de Zicatela,MX,3,0,0
Santa Cruz de las Flores,MX,3,0,0
Sooke,CA,3,0,0
Tlatlauquitepec,MX,3,1,33.33
Brant,CA,3,0,0
Mezcales,MX,3,0,0
CÃ¡rdenas,MX,3,0,0
Matane,CA,3,1,33.33
Pemberton,CA,3,0,0
Hope,CA,3,0,0
Douglas,CA,3,0,0
Comonfort,MX,3,0,0
La Crucecita,MX,3,0,0
Glace Bay,CA,3,0,0
Sainte-Madeleine,CA,3,0,0
Chandler,CA,3,0,0
Roxton Pond,CA,3,0,0
Saint-Bruno,CA,3,0,0
Gananoque,CA,3,0,0
Catemaco,MX,3,1,33.33
Ville-Marie,CA,3,0,0
Villa de Pozos,MX,3,0,0
Sainte-Julienne,CA,3,0,0
Ste-Catherine-de-la-Jacques-Cartier,CA,3,1,33.33
Dawson Creek,CA,3,0,0
Huehuetoca,MX,3,0,0
San Juan Teotihuacan de Arista,MX,3,0,0
Niagara On The Lake,CA,3,2,66.67
San Felipe,MX,3,0,0
Santa MarÃ­a,MX,3,0,0
Fall River,CA,3,0,0
Ciudad AcuÃ±a,MX,3,0,0
Arnprior,CA,3,0,0
Hawkesbury,CA,3,0,0
Las Margaritas,MX,3,0,0
Keswick Ridge,CA,3,0,0
Rigaud,CA,3,1,33.33
TÃºxpam de RodrÃ­guez Cano,MX,3,0,0
Alliston,CA,3,0,0
Vanderhoof,CA,3,0,0
Lakefield,CA,3,0,0
Villas Ave Real,MX,3,0,0
Romita,MX,3,1,33.33
Conception Bay South,CA,3,0,0
Magdalena de Kino,MX,3,0,0
Nezahualcoyotl,MX,3,0,0
Matehuala,MX,3,0,0
Apaseo el Alto,MX,3,1,33.33
Lac La Biche,CA,3,0,0
Swift Current,CA,3,1,33.33
High Prairie,CA,3,0,0
Chicoutimi,CA,3,0,0
Ciudad Manuel Doblado,MX,3,0,0
Lerma de Villada Centro,MX,3,1,33.33
Lansdowne,CA,3,0,0
La Baie,CA,3,0,0
Apaseo el Grande,MX,3,1,33.33
Jaltepec,MX,3,0,0
Libertad,MX,3,0,0
Tamazula de Gordiano,MX,3,1,33.33
Nisku,CA,3,1,33.33
Minden,CA,3,0,0
Stonewall,CA,3,1,33.33
Viva Caucel,MX,3,0,0
Morrisburg,CA,3,0,0
Chibougamau,CA,3,0,0
Tequixquiac,MX,3,0,0
Peace River,CA,3,0,0
Calkini,MX,3,0,0
San Lorenzo Toxico,MX,3,0,0
Vista Bella,MX,3,0,0
Westville,CA,3,0,0
Ayr,CA,3,0,0
Zamora de Hidalgo,MX,3,1,33.33
Cosoleacaque,MX,3,1,33.33
Guasave,MX,3,0,0
Tapachula de CÃ³rdova y OrdÃ³Ã±ez,MX,3,0,0
Huatabampo,MX,3,1,33.33
Oromocto,CA,3,0,0
Galeana,MX,3,0,0
Tezoyuca,MX,3,0,0
Chapala,MX,3,1,33.33
Gravenhurst,CA,3,1,33.33
Ciudad Hidalgo,MX,3,0,0
VÃ­ctor Rosales,MX,3,0,0
El Mante,MX,3,0,0
La Sarre,CA,3,1,33.33
Kodiak,US,3,0,0
San Pedro,MX,3,2,66.67
San Buenaventura,MX,3,0,0
Contrecoeur,CA,3,0,0
Sioux Lookout,CA,3,0,0
Felipe Carrillo Puerto,MX,3,0,0
North Hatley,CA,3,0,0
Tees,CA,3,0,0
Enoch,CA,3,0,0
Las Vigas de Ramirez,MX,3,0,0
Duncan,CA,3,0,0
Comox,CA,3,0,0
Watford,CA,3,0,0
Ajijic,MX,3,0,0
Rio Grande,MX,3,0,0
Hanmer,CA,3,1,33.33
Alberton,CA,3,1,33.33
Xotik,MX,3,0,0
Cuauhtemoc,MX,3,0,0
Sylvan Lake,CA,3,0,0
San Marcos,MX,3,0,0
Ladysmith,CA,3,0,0
Bridgewater,CA,3,0,0
Cantley,CA,3,1,33.33
Acajete,MX,3,0,0
Ixtapan de la Sal,MX,3,1,33.33
Ciudad ObregÃ³n,MX,3,0,0
Amqui,CA,2,2,100
El Carmen,MX,2,0,0
Oliver,CA,2,0,0
Tehuantepec,MX,2,0,0
Chocaman,MX,2,0,0
Westbridge,CA,2,0,0
Carstairs,CA,2,0,0
San Salvador,MX,2,1,50
Torres Residencial Campestre SantamarÃ­a,MX,2,0,0
San Juan Tepa,MX,2,0,0
Santa Ana Pacueco,MX,2,0,0
Prudhoe Bay,US,2,1,50
ZibatÃ¡,MX,2,2,100
GuamÃºchil,MX,2,0,0
Sainte-Anne-des-Plaines,CA,2,0,0
Tlalminulpa,MX,2,0,0
Warwick,CA,2,1,50
Sunset House,CA,2,0,0
Campbellford,CA,2,0,0
San Bernardino,MX,2,0,0
San Antonio la Isla,MX,2,1,50
Centro Urbano,MX,2,1,50
Athabasca,CA,2,0,0
Port McNicoll,CA,2,0,0
Mono,CA,2,0,0
Otonabee,CA,2,0,0
Soledad de Graciano SÃ¡nchez,MX,2,0,0
Sabrevois,CA,2,0,0
San Miguel,MX,2,0,0
Saint-Philippe,CA,2,0,0
Haliburton,CA,2,1,50
Kindersley,CA,2,0,0
Laredo,MX,2,0,0
Jiquipilas,MX,2,0,0
San Pedro Tultepec,MX,2,0,0
Armstrong,CA,2,1,50
Beauval,CA,2,2,100
Grand Rapids,CA,2,0,0
Roxboro,CA,2,0,0
Villas de San Mateo,MX,2,0,0
Villa Zipecua,MX,2,1,50
Dalmeny,CA,2,0,0
Picton,CA,2,0,0
Altona,CA,2,1,50
Black Diamond,CA,2,1,50
Tlapacoyan,MX,2,0,0
Saint-Hippolyte,CA,2,0,0
Red Earth,CA,2,0,0
Vistas de TesistÃ¡n,MX,2,0,0
Saint-Agapit,CA,2,0,0
Montebello,CA,2,0,0
Carlisle,CA,2,0,0
Brentwood Bay,CA,2,0,0
Bay Roberts,CA,2,0,0
ParaÃ­so,MX,2,0,0
Xel-hua,MX,2,0,0
Bishops Falls,CA,2,0,0
Saint-Joseph-du-Lac,CA,2,1,50
La Crete,CA,2,1,50
Villas los Ãngeles,MX,2,0,0
TenerÃ­a de Valdez,MX,2,0,0
Wilberforce,CA,2,0,0
Exeter,CA,2,0,0
Brooklyn,CA,2,0,0
Coronation,CA,2,0,0
Seaforth,CA,2,1,50
Saint-Sulpice,CA,2,0,0
Tweed,CA,2,0,0
M'Chigeeng,CA,2,0,0
Westlock,CA,2,1,50
Dunnville,CA,2,0,0
Lavington,CA,2,0,0
Santiago Tianguistenco de Galeana,MX,2,0,0
Tepeji del Rio,MX,2,0,0
Playas de Rosarito,MX,2,0,0
Santiago Pinotepa Nacional,MX,2,0,0
Delhi,CA,2,0,0
East St. Paul,CA,2,0,0
Villas del MesÃ³n,MX,2,0,0
Santa Anita Huiloac,MX,2,0,0
Yerbabuena,MX,2,0,0
Sainte-Anne-du-Sault,CA,2,1,50
Stettler,CA,2,0,0
Strathroy,CA,2,0,0
Sackville,CA,2,0,0
Cole Harbour,CA,2,0,0
Camargo,MX,2,0,0
Acton,CA,2,0,0
Saint-Germain-de-Grantham,CA,2,0,0
Saint-Lambert-de-Lauzon,CA,2,0,0
El Llano,MX,2,0,0
Midhurst,CA,2,0,0
San Cayetano,MX,2,0,0
Coaldale,CA,2,0,0
Parras de la Fuente,MX,2,0,0
Valcourt,CA,2,0,0
Monte Creek,CA,2,0,0
Libres,MX,2,1,50
La Loma,MX,2,0,0
Lerdo,MX,2,0,0
Upper Tantallon,CA,2,0,0
Vista del Mar,MX,2,1,50
Cuapiaxtla de Madero,MX,2,0,0
Ciudad de Villa de Ãlvarez,MX,2,0,0
El Paso,MX,2,0,0
Fossambault-sur-le-Lac,CA,2,1,50
La y,MX,2,0,0
Villas de Cortes,MX,2,0,0
Vista del Valle,MX,2,0,0
Santa Elena,MX,2,1,50
Villanueva,MX,2,0,0
Godmanchester,CA,2,0,0
Canning,CA,2,1,50
Streamstown,CA,2,0,0
Waterford,CA,2,0,0
Pakenham,CA,2,0,0
San Lorenzo Tlacotepec,MX,2,0,0
Bright's Grove,CA,2,0,0
Napierville,CA,2,0,0
Perez de Galeana,MX,2,0,0
Stephenville,CA,2,0,0
La Barca,MX,2,0,0
Hannibal,US,2,0,0
Wetaskiwin,CA,2,0,0
Wiarton,CA,2,0,0
Bible Hill,CA,2,0,0
Val-des-Monts,CA,2,0,0
Saint-Jude,CA,2,0,0
Nuevo Casas Grandes,MX,2,1,50
Saint-Antoine-de-Tilly,CA,2,0,0
Reforma,MX,2,0,0
Chemainus,CA,2,0,0
Pasadena,CA,2,0,0
Walhachin,CA,2,0,0
Fatima,CA,2,0,0
Cosolapa,MX,2,0,0
Apan,MX,2,0,0
Chester,CA,2,0,0
Halfmoon Bay,CA,2,0,0
Anola,CA,2,0,0
Sainte-ThÃ©rÃ¨se,CA,2,0,0
Santa Ana,MX,2,0,0
New Maryland,CA,2,0,0
San Francisco,MX,2,0,0
Montague,CA,2,0,0
Nuevo San Juan Parangaricutiro,MX,2,0,0
Verwood,CA,2,0,0
Saint-Michel-de-Bellechasse,CA,2,0,0
Acton Vale,CA,2,1,50
San Juan del RÃ­o,MX,2,1,50
Ixtlahuaca,MX,2,0,0
San AndrÃ©s OcotlÃ¡n,MX,2,0,0
Golden,CA,2,0,0
Heroica Caborca,MX,2,0,0
Humotitla,MX,2,0,0
Valle Dorado,MX,2,0,0
Lerma,MX,2,1,50
Meaford,CA,2,0,0
Richibucto Road,CA,2,0,0
Fort Vermilion,CA,2,0,0
Elliot Lake,CA,2,0,0
Vanier,CA,2,0,0
Drumheller,CA,2,1,50
Burton,CA,2,1,50
Tuxtepec,MX,2,0,0
Claremont,CA,2,0,0
Amacuzac,MX,2,0,0
Wauchope,CA,2,0,0
Port Hawkesbury,CA,2,0,0
Iroquois Falls,CA,2,0,0
Kirkland Lake,CA,2,0,0
Coronach,CA,2,0,0
Cumbres Provenza,MX,2,0,0
San Jose Del Castillo,MX,2,0,0
La Magdalena,MX,2,0,0
Llano Grande,MX,2,0,0
Errington,CA,2,0,0
El Cerrillo Vista Hermosa,MX,2,0,0
Brackendale,CA,2,0,0
Orion,CA,2,1,50
Los HÃ©roes III,MX,2,0,0
San Pablo Huixtepec,MX,2,0,0
Ucluelet,CA,2,0,0
Conejos,MX,2,0,0
Millbrook,CA,2,0,0
Rothesay,CA,2,0,0
Venustiano Carranza,MX,2,0,0
Yellow Creek,CA,2,1,50
Oriental,MX,2,0,0
Altotonga,MX,2,0,0
El Arenal,MX,2,0,0
Dryden,CA,2,0,0
San Diego,MX,2,0,0
Vermilion,CA,2,0,0
Tlacotepec,MX,2,0,0
Carman,CA,2,0,0
Chula Vista,MX,2,0,0
Melfort,CA,2,0,0
Balcarres,CA,2,0,0
Saint-Pascal,CA,2,0,0
Palomares,MX,2,0,0
Santa Cruz,MX,2,0,0
Melbourne,CA,2,0,0
Saint-Jean-Chrysostome,CA,2,0,0
Villas Cholul,MX,2,0,0
Morin-Heights,CA,2,0,0
Brighton,CA,2,0,0
Valle de San Miguel,MX,2,0,0
Sainte-Anne-de-Bellevue,CA,2,1,50
Port Franks,CA,2,0,0
San Luis RÃ­o Colorado,MX,2,0,0
Chesterville,CA,2,0,0
Jaral del Progreso,MX,2,0,0
Villas la CaÃ±ada,MX,2,0,0
Solidaridad,MX,2,1,50
Jalupa,MX,2,0,0
Stellarton,CA,2,0,0
Tequisquiapan,MX,2,0,0
Chilpancingo de los Bravo,MX,2,1,50
Sainte-Claire,CA,2,0,0
Cobble Hill,CA,2,0,0
Slave Lake,CA,2,0,0
Lac-Beauport,CA,2,0,0
Taber,CA,2,0,0
El Grullo,MX,2,0,0
Berthierville,CA,2,0,0
Marieville,CA,2,0,0
Acheson,CA,2,0,0
Queensville,CA,2,0,0
Saint-Zotique,CA,2,0,0
Tekit,MX,2,0,0
Westholme,CA,2,0,0
Plessisville,CA,2,0,0
San Juan Tuxco,MX,2,0,0
O'Leary,CA,2,0,0
Rivera Alta,MX,2,0,0
Tres Marias,MX,2,1,50
Lanoraie,CA,2,0,0
San JosÃ© Iturbide,MX,2,0,0
High River,CA,2,1,50
Wyoming,CA,2,0,0
Santa Lucia del Camino,MX,2,0,0
El Cerrito Parado,MX,2,1,50
RosemÃ¨re,CA,2,0,0
Coaticook,CA,2,0,0
Bobcaygeon,CA,2,0,0
Teapa,MX,2,1,50
Nakusp,CA,2,0,0
Lake Louise,CA,2,1,50
San Antonio,MX,2,0,0
Newcastle,CA,2,0,0
Colborne,CA,2,1,50
Terranova,MX,2,0,0
Dauphin,CA,2,1,50
Timberlea,CA,2,0,0
Saint-Jacques,CA,2,0,0
Frontera Comalapa,MX,2,0,0
Motozintla de Mendoza,MX,2,0,0
Hubbards,CA,2,1,50
Saint-Apollinaire,CA,2,0,0
Weyburn,CA,2,0,0
Corunna,CA,2,0,0
Gibbons,CA,2,0,0
Mount Hope,CA,2,1,50
Saint-Liboire,CA,2,0,0
Yarbo,CA,2,0,0
Ajusco,MX,2,0,0
Aldama,MX,2,0,0
FortÃ­n de las Flores,MX,2,0,0
Marystown,CA,2,0,0
Yorkton,CA,2,0,0
Juanacaxtle,MX,2,0,0
San Mateo Aticpac,MX,2,0,0
Molango,MX,2,1,50
Ãlvarez del Castillo,MX,2,0,0
Amaxac de Guerrero,MX,2,0,0
Smithville,CA,2,1,50
Huichapan,MX,2,0,0
Atitalaquia,MX,2,0,0
San Bartolo del Llano,MX,2,1,50
Penetanguishene,CA,2,0,0
Scanterbury,CA,2,0,0
Tlayacapan,MX,2,0,0
Ste Anne,CA,2,0,0
Tilbury,CA,2,0,0
GarcÃ­a,MX,2,0,0
Tequesquitengo,MX,2,0,0
Port McNeill,CA,2,0,0
Moctezuma 2,MX,2,1,50
Jerez de GarcÃ­a Salinas,MX,2,0,0
Chipilo,MX,2,0,0
Sayula,MX,2,0,0
Bath,CA,2,0,0
Beachburg,CA,2,0,0
San Miguel Tocuila,MX,2,0,0
Cuautla (Cuautla de Morelos),MX,2,0,0
PlatÃ³n SÃ¡nchez,MX,2,0,0
Thorsby,CA,2,0,0
Guadalupe Victoria,MX,2,0,0
Boca del RÃo,MX,2,0,0
New Germany,CA,2,0,0
JonquiÃ¨re,CA,2,0,0
Wikwemikong,CA,2,0,0
Azilda,CA,2,0,0
Carp,CA,2,1,50
Stoneham-et-Tewkesbury,CA,2,0,0
Coatzintla,MX,2,0,0
Walkerton,CA,2,0,0
Devon,CA,2,0,0
Saint-Pie,CA,2,0,0
La Soledad,MX,2,0,0
San Francisco de Campeche,MX,2,0,0
Richelieu,CA,2,0,0
Almoloya,MX,2,0,0
San JosÃ©,MX,2,1,50
San MartÃ­n,MX,2,0,0
San Antonio de las Huertas,MX,2,0,0
Yecapixtla,MX,2,0,0
Nanton,CA,2,0,0
Gunn,CA,2,0,0
Villa Hidalgo,MX,2,0,0
Atzacoalco,MX,2,0,0
CiÃ©nega de Flores,MX,2,1,50
Saint-Cyprien,CA,1,0,0
Sainte-Marie-de-Kent,CA,1,0,0
Vineland,CA,1,1,100
Otumba,MX,1,0,0
Cross Roads Country Harbour,CA,1,0,0
Tlachichuca,MX,1,0,0
Woodlawn,CA,1,0,0
Shearwater,CA,1,0,0
Mandeville,CA,1,0,0
Le Gardeur,CA,1,1,100
Beaverlodge,CA,1,0,0
Del Valle,MX,1,0,0
Sedue,MX,1,1,100
Dinsmore,CA,1,0,0
CuitlÃ¡huac,MX,1,0,0
Esterhazy,CA,1,0,0
South Porcupine,CA,1,1,100
Qikiqtarjuaq,CA,1,0,0
Pueblo Viejo,MX,1,0,0
Freelton,CA,1,0,0
Sutton,CA,1,1,100
Hillsborough,CA,1,1,100
Saint-Fulgence,CA,1,0,0
Wembley,CA,1,0,0
El Verde,MX,1,0,0
Wallaceburg,CA,1,0,0
Ixtepec,MX,1,0,0
Porters Lake,CA,1,0,0
Ixtapa,MX,1,0,0
Valle Verde,MX,1,1,100
Cabo Rojo,MX,1,0,0
Bonavista,CA,1,0,0
La Cruz,MX,1,0,0
Paris,CA,1,0,0
Val-Joli,CA,1,0,0
Saint-Thomas,CA,1,0,0
Pihuamo,MX,1,0,0
Enderby,CA,1,1,100
ZacualtipÃ¡n Centro,MX,1,1,100
Kingsey Falls,CA,1,0,0
New Minas,CA,1,0,0
Kinchil,MX,1,0,0
Edwin,CA,1,0,0
Villa Corona,MX,1,0,0
Ãrbol de Oro,MX,1,0,0
Fond du Lac,CA,1,0,0
Naranjos,MX,1,1,100
Tecolote Bataques,MX,1,0,0
Scotland,CA,1,0,0
Bouctouche,CA,1,1,100
Mount Forest,CA,1,0,0
Rawdon,CA,1,0,0
Beeton,CA,1,0,0
Niverville,CA,1,1,100
Saint-Flavien,CA,1,0,0
PesquerÃ­a,MX,1,0,0
Oxkutzcab,MX,1,0,0
Jose Maria Morelos,MX,1,0,0
San FÃ©lix,MX,1,0,0
Huicalco,MX,1,0,0
Acultzingo,MX,1,0,0
Shipshaw,CA,1,0,0
San Javier,MX,1,0,0
Wingham,CA,1,0,0
Saint-FÃ©lix-de-Valois,CA,1,0,0
Pie de La Cuesta,MX,1,0,0
Crabtree,CA,1,0,0
CuerÃ¡maro,MX,1,0,0
Jilotepec,MX,1,0,0
Las Choapas,MX,1,0,0
Cowansville,CA,1,1,100
San Pablito Calmimilolco,MX,1,0,0
Puerta del Monte,MX,1,0,0
Port Hardy,CA,1,0,0
Ãngeles Ixtacomitan,MX,1,0,0
NicolÃ¡s Bravo,MX,1,0,0
Bluesky,CA,1,0,0
Alma Campesina,MX,1,0,0
Howick,CA,1,0,0
Palau Mineral,MX,1,0,0
Santiago Tulantepec,MX,1,0,0
Nome,US,1,0,0
Roberts Creek,CA,1,0,0
Trout Lake,CA,1,0,0
Palenque,MX,1,0,0
Grand Falls-Windsor,CA,1,0,0
Saint-Charles-BorromÃ©e,CA,1,0,0
Mansonville,CA,1,0,0
Jilotepec de Molina EnrÃ­quez,MX,1,0,0
Lefaivre,CA,1,0,0
Otterville,CA,1,0,0
Valle de la Esperanza,MX,1,0,0
Atemajac de Brizuela,MX,1,0,0
San Francisco del RincÃ³n,MX,1,0,0
Vaudreuil-sur-le-Lac,CA,1,0,0
Ingleside,CA,1,0,0
AutlÃ¡n de Navarro,MX,1,0,0
Manuel Teniente,MX,1,0,0
Boischatel,CA,1,0,0
Rigolet,CA,1,0,0
Williams Harbour,CA,1,0,0
Zacatequillas,MX,1,0,0
Mille-Isles,CA,1,0,0
Scotch Creek,CA,1,0,0
Panales,MX,1,0,0
Chase,CA,1,0,0
Beauceville,CA,1,0,0
Coldbrook,CA,1,0,0
Tatoxcac,MX,1,0,0
Compton,CA,1,0,0
Saint-ZÃ©non,CA,1,0,0
Rockland,CA,1,0,0
San Pedro Pochutla,MX,1,0,0
Ocozocoautla de Espinosa,MX,1,0,0
Barrachois,CA,1,0,0
Cintalapa de Figueroa,MX,1,0,0
Hornby,CA,1,0,0
Navolato,MX,1,0,0
Kippens,CA,1,0,0
Hamiota,CA,1,0,0
Trois-Pistoles,CA,1,0,0
Tiny,CA,1,0,0
L'ÃŽle-Perrot,CA,1,0,0
Jalpa de MÃ©ndez,MX,1,0,0
La Puente,MX,1,0,0
Quiroga,MX,1,0,0
San Marcos Tlacoyalco,MX,1,0,0
Villaflores,MX,1,0,0
Saint-Albert,CA,1,0,0
Skookumchuck,CA,1,0,0
Limoges,CA,1,0,0
Woodville,CA,1,0,0
San Felipe Santiago,MX,1,0,0
Tracadie-Sheila,CA,1,0,0
Gilman,US,1,0,0
RiviÃ¨re-Ouelle,CA,1,0,0
River Bourgeois,CA,1,0,0
South Lancaster,CA,1,0,0
Warburg,CA,1,0,0
Ardrossan,CA,1,0,0
Sturgeon County,CA,1,0,0
Santa Maria Texcalac,MX,1,0,0
Hythe,CA,1,0,0
Summerland,CA,1,0,0
Stockholm,CA,1,0,0
Waldheim,CA,1,0,0
San Patricio,MX,1,0,0
Everett,CA,1,0,0
Valle Hermoso,MX,1,0,0
Lyn,CA,1,0,0
Cocagne,CA,1,0,0
Vanguardia Veracruzana,MX,1,0,0
Ticuman,MX,1,0,0
Dresden,CA,1,0,0
Saint-Michel,CA,1,0,0
Egbert,CA,1,0,0
McLeod Hill,CA,1,0,0
Arriaga,MX,1,0,0
Sacramento,MX,1,1,100
Robson,CA,1,0,0
Valemount,CA,1,0,0
Havre-aux-Maisons,CA,1,0,0
Arteaga,MX,1,0,0
Redcliff,CA,1,0,0
Contla,MX,1,0,0
Tixkokob,MX,1,0,0
Notre-Dame-du-Mont-Carmel,CA,1,1,100
Brownsburg-Chatham,CA,1,0,0
Los VelÃ¡squez,MX,1,0,0
Unalaska,US,1,1,100
San Agustin de las Juntas,MX,1,0,0
Mano de LeÃ³n,MX,1,0,0
Ojuelos de Jalisco,MX,1,1,100
Moctezuma,MX,1,0,0
Lomas de San MartÃ­n,MX,1,0,0
Apple Hill,CA,1,0,0
Maugerville,CA,1,0,0
San Miguel Almoloyan,MX,1,0,0
San Miguel Epejan,MX,1,0,0
San Mateo Nopala,MX,1,0,0
Saint-Raymond,CA,1,0,0
Bonaventure,CA,1,0,0
Listowel,CA,1,1,100
Channel-Port-aux-Basques,CA,1,0,0
Biggar,CA,1,0,0
Elmsdale,CA,1,0,0
ChÃ¢teauguay,CA,1,0,0
Volcanes de Cuautla,MX,1,0,0
Tochtepec,MX,1,0,0
Caledon East,CA,1,0,0
Nuevo Necaxa,MX,1,0,0
San Vicente Chicoloapan de JuÃ¡rez,MX,1,0,0
Atoyatempan,MX,1,0,0
Otterburn Park,CA,1,0,0
Independencia Nacional,MX,1,0,0
Juan Aldama,MX,1,1,100
Paso del Macho,MX,1,0,0
Hanwell,CA,1,1,100
Tzoncolco,MX,1,0,0
Stella,CA,1,0,0
Aljojuca,MX,1,0,0
Havelock,CA,1,0,0
Residencial Marino,MX,1,0,0
La Guasima,MX,1,0,0
Omemee,CA,1,0,0
Rovirosa,MX,1,0,0
MontrÃ©al-Ouest,CA,1,0,0
Santa Cruz Pueblo,MX,1,1,100
Eganville,CA,1,0,0
Clinton,CA,1,0,0
Madeira Park,CA,1,0,0
Dublin,CA,1,1,100
St. Davids,CA,1,0,0
Lomas de Santa Catarina,MX,1,1,100
Mission,MX,1,0,0
Tide Head,CA,1,0,0
Ciudad LÃ¡zaro CÃ¡rdenas,MX,1,0,0
MazaquiÃ¡huac,MX,1,0,0
Cedral,MX,1,0,0
Maria,CA,1,0,0
Vista al Lago,MX,1,0,0
SanctÃ³rum,MX,1,0,0
Macnutt,CA,1,0,0
Whites Lake,CA,1,1,100
Providencia,MX,1,0,0
Villas de Oriente,MX,1,1,100
L'ÃŽle-Bizard,CA,1,0,0
Atotonilco,MX,1,0,0
Victoire,CA,1,0,0
Brigham,CA,1,0,0
SecciÃ³n Kovas,MX,1,0,0
ComitÃ¡n de DomÃ­nguez,MX,1,0,0
Osnaburgh House,CA,1,0,0
Nueva Rosita,MX,1,0,0
Saint-Boniface,CA,1,0,0
Ear Falls,CA,1,0,0
Holyrood,CA,1,0,0
Shearstown,CA,1,1,100
Bruderheim,CA,1,0,0
Papatlazolco,MX,1,0,0
Tres MarÃ­as,MX,1,0,0
San NicolÃ¡s de los Jassos,MX,1,0,0
Tottenham,CA,1,0,0
Roland,CA,1,0,0
Newton Siding,CA,1,0,0
Williamsford,CA,1,0,0
Rimbey,CA,1,0,0
Winfield,CA,1,0,0
Fort Smith,CA,1,0,0
Aguililla,MX,1,0,0
Turner Valley,CA,1,0,0
San Juan Totolac,MX,1,0,0
Tarianes,MX,1,0,0
Milverton,CA,1,1,100
Austin,CA,1,0,0
Buffalo,CA,1,0,0
Tequesquite,MX,1,0,0
Wenceslao,MX,1,0,0
Dashwood,CA,1,0,0
Moose Creek,CA,1,0,0
Wakefield,CA,1,0,0
Tarandacuao,MX,1,0,0
Villas del Sol,MX,1,0,0
Tlapacoya,MX,1,1,100
Norwood,CA,1,0,0
Utopia,CA,1,0,0
Fruitvale,CA,1,0,0
San Antonio Xalcuayo 1,MX,1,0,0
Sundown,CA,1,0,0
Los Cerritos,MX,1,0,0
Sierra de Agua,MX,1,0,0
Hacketts Cove,CA,1,0,0
Bowen Island,CA,1,0,0
Tavistock,CA,1,0,0
Huiloapan de CuauhtÃ©moc,MX,1,0,0
Lower West Pubnico,CA,1,0,0
Elmira,CA,1,0,0
New Waterford,CA,1,0,0
Kitscoty,CA,1,0,0
Melville,CA,1,0,0
Wilsonville,CA,1,0,0
Playas Del Rosario,MX,1,0,0
Rossport,CA,1,0,0
Amayuca,MX,1,0,0
Torrance,CA,1,0,0
Clementsport,CA,1,0,0
Mount Albert,CA,1,1,100
Esqueda Centro,MX,1,0,0
Zavala,MX,1,0,0
Napanee,CA,1,0,0
Tlaltenango,MX,1,0,0
Hartley Bay,CA,1,0,0
Nueva Santa Rosa-Granjas el Arenal,MX,1,0,0
Nine Mile River,CA,1,0,0
McGregor,CA,1,0,0
Mechoacanejo,MX,1,0,0
Churumuco de Morelos,MX,1,0,0
Carleton,CA,1,0,0
Zimbrones,MX,1,0,0
Sundre,CA,1,0,0
Cromer,CA,1,0,0
Mount Uniacke,CA,1,0,0
Fermont,CA,1,0,0
Zealand,CA,1,0,0
Osgoode,CA,1,0,0
Nazas Centro,MX,1,0,0
Glenburnie,CA,1,0,0
Rockwood,CA,1,0,0
Tara,CA,1,0,0
Vista Hermosa de LÃ¡zaro CÃ¡rdenas,MX,1,0,0
HELENA,US,1,0,0
Candelaria,MX,1,0,0
Siglo XXI,MX,1,0,0
Vonda,CA,1,0,0
Kapuskasing,CA,1,0,0
Villas Perisur,MX,1,0,0
Axochiapan,MX,1,0,0
Pointe-Fortune,CA,1,0,0
Clarenville,CA,1,0,0
Saint-Charles-sur-Richelieu,CA,1,1,100
Zacamulpa Tlalmimilolpan,MX,1,0,0
Las Ollas,MX,1,0,0
Borden,CA,1,0,0
Gladstone,CA,1,0,0
ChÃ¢teau-Richer,CA,1,0,0
Saint-Pierre-Baptiste,CA,1,0,0
Rancho de RamÃ³n Ibarra,MX,1,0,0
San Gabriel Cuautla,MX,1,0,0
Saint-Cyrille-de-Wendover,CA,1,0,0
OcotlÃ¡n,MX,1,0,0
Quinta Las Huertas,MX,1,0,0
Santiaguito Cuaxustenco,MX,1,0,0
Mont-Joli,CA,1,0,0
Ãlvaro ObregÃ³n,MX,1,0,0
Paseos del Pedregal,MX,1,0,0
Grand Bank,CA,1,0,0
Bezanson,CA,1,0,0
Stand Off,CA,1,0,0
Hubley,CA,1,0,0
Magdalena Cuayucatepec,MX,1,0,0
Hawk Junction,CA,1,0,0
Saint-AndrÃ©-d'Argenteuil,CA,1,0,0
Doxey,MX,1,0,0
El Zapote,MX,1,0,0
Agua Zarca,MX,1,1,100
Grande-Digue,CA,1,1,100
Vicente Riva Palacio,MX,1,0,0
Willow Beach,CA,1,0,0
Xala,MX,1,0,0
General Zaragoza,MX,1,0,0
HecelchakÃ¡n,MX,1,0,0
San Miguel el Alto,MX,1,0,0
Fassett,CA,1,0,0
Salmo,CA,1,0,0
Nobleford,CA,1,1,100
Turkey Point,CA,1,0,0
San Miguel Tecpan,MX,1,0,0
San JosÃ© del RincÃ³n,MX,1,0,0
Lyttleton,CA,1,0,0
Oro,CA,1,0,0
Minnedosa,CA,1,0,0
Tala,MX,1,1,100
Tepechitlan,MX,1,1,100
South Woodslee,CA,1,0,0
Springhill,CA,1,0,0
Playa Azul,MX,1,0,0
Summerstown,CA,1,0,0
Pijijiapan,MX,1,0,0
La Merced,MX,1,0,0
Aberdeen,CA,1,0,0
Pobre,MX,1,0,0
Baja California,MX,1,0,0
JalostotitlÃ¡n,MX,1,0,0
Oxford House,CA,1,0,0
La Esperanza,MX,1,0,0
Balmoral,CA,1,0,0
Allende,MX,1,0,0
Eastern Passage,CA,1,0,0
Tatamagouche,CA,1,0,0
Somerville,CA,1,0,0
Port Robinson,CA,1,0,0
Villa de Allende,MX,1,0,0
Huatusco de Chicuellar,MX,1,0,0
Lakeside,CA,1,0,0
Procter,CA,1,0,0
Curve Lake,CA,1,0,0
Flatrock,CA,1,0,0
Lillooet,CA,1,0,0
Salto de Agua,MX,1,0,0
Santa Clara,MX,1,0,0
Virreyes Vallarta,MX,1,0,0
Buffalo Point,CA,1,0,0
Sihochac,MX,1,0,0
Santiago Yeche,MX,1,0,0
Duguayville,CA,1,0,0
Goulds,CA,1,0,0
Appin,CA,1,0,0
Vavenby,CA,1,0,0
Xicotencatl,MX,1,0,0
Plamondon,CA,1,0,0
Sutton West,CA,1,0,0
Moffat,CA,1,0,0
Meadow Lake,CA,1,0,0
Heidelberg,CA,1,0,0
Plateros,MX,1,0,0
Moose Factory,CA,1,0,0
Stanstead,CA,1,0,0
JagÃ¼ey Blanco,MX,1,0,0
ZitÃ¡cuaro,MX,1,0,0
Ãlamos,MX,1,0,0
Washago,CA,1,0,0
Bamfield,CA,1,0,0
Santiago Chimalpa,MX,1,0,0
Saint-Jean-Port-Joli,CA,1,0,0
San JosÃ© de Gracia,MX,1,0,0
Saint-Paul-de-Montminy,CA,1,0,0
Taretan,MX,1,0,0
Mochicahui,MX,1,0,0
San Juan Tilcuautla,MX,1,0,0
El cercado,MX,1,1,100
PÃ©njamo,MX,1,0,0
Kensington,CA,1,0,0
LÃ¡zaro CÃ¡rdenas,MX,1,0,0
Burin,CA,1,0,0
Ciudad Benito JuÃ¡rez,MX,1,0,0
Fort Qu'Appelle,CA,1,0,0
Pennfield,CA,1,0,0
Holland Landing,CA,1,0,0
Assiniboia,CA,1,1,100
Sinaloa,MX,1,0,0
Puerto Escondido,MX,1,0,0
Viacrucis,MX,1,0,0
AcÃ¡mbaro,MX,1,0,0
Oxchuc,MX,1,0,0
ResurrecciÃ³n,MX,1,0,0
Saint-Edmond-de-Grantham,CA,1,1,100
Belcourt,CA,1,0,0
Roxton Falls,CA,1,1,100
Westport,CA,1,0,0
Jiquilpan de JuÃ¡rez,MX,1,0,0
Campbellville,CA,1,0,0
AcatlÃ¡n de Osorio,MX,1,0,0
Calvillo,MX,1,0,0
Telkwa,CA,1,0,0
Les Escoumins,CA,1,0,0
Zona Urbana Ejidal,MX,1,0,0
Crossfield,CA,1,1,100
Guadalupe Tlachco,MX,1,0,0
Huimango,MX,1,0,0
Catalina,CA,1,0,0
Rocky View County,CA,1,0,0
Zacatipa,MX,1,0,0
Tecoman,MX,1,0,0
Villa del CarbÃ³n,MX,1,1,100
Heroica Ciudad de Cananea,MX,1,0,0
Severn Bridge,CA,1,0,0
Killarney,CA,1,0,0
Fenelon Falls,CA,1,0,0
Campos,MX,1,0,0
ApatzingÃ¡n de la ConstituciÃ³n,MX,1,0,0
Cupids,CA,1,0,0
St. Lawrence,CA,1,0,0
Santos Degollado 1ra. SecciÃ³n,MX,1,0,0
Papalotla,MX,1,0,0
Williamstown,CA,1,0,0
Melita,CA,1,0,0
Waterdown,CA,1,0,0
Thornloe,CA,1,0,0
Port Stanley,CA,1,0,0
La Orilla,MX,1,0,0
Monte HermÃ³n,MX,1,0,0
Primera de San Miguel,MX,1,0,0
Langton,CA,1,0,0
Hampstead,CA,1,0,0
Esperanza,MX,1,0,0
Grand Valley,CA,1,0,0
Nextipac,MX,1,0,0
Piedmont,CA,1,0,0
Los Azahares,MX,1,0,0
Liverpool,CA,1,0,0
Tlayoatla Joya de RodrÃ­guez,MX,1,0,0
Los Pericos,MX,1,0,0
Saint-Damien,CA,1,0,0
Bewdley,CA,1,0,0
Shortts Lake,CA,1,0,0
Hastings,CA,1,0,0
Analco,MX,1,0,0
St. Clements,CA,1,0,0
Cumberland Beach,CA,1,0,0
Mesa de Arturo,MX,1,1,100
Harrow,CA,1,0,0
Xochimilco,MX,1,0,0
Grand Bend,CA,1,0,0
Chiautla de Tapia,MX,1,0,0
Villas de la Hacienda 2a. SecciÃ³n,MX,1,0,0
La Gloria,MX,1,0,0
VisitaciÃ³n,MX,1,0,0
Rancho Seco,MX,1,0,0
Nobleton,CA,1,0,0
Massey,CA,1,0,0
La Salle,CA,1,0,0
Cache Creek,CA,1,0,0
Currys Corner,CA,1,0,0
Bethel,CA,1,0,0
Mistissini,CA,1,0,0
Grandes-Piles,CA,1,0,0
Logy Bay,CA,1,0,0
Willow River,CA,1,0,0
Verona,CA,1,0,0
San Andres Huayapam,MX,1,0,0
Moosomin,CA,1,0,0
ALPENA,US,1,1,100
Viejo IxtacomitÃ¡n,MX,1,0,0
Portal del Norte,MX,1,1,100
Santo Santiago,MX,1,0,0
Zapotiltic,MX,1,0,0
Deschaillons-sur-Saint-Laurent,CA,1,0,0
DongÃº Puerto,MX,1,0,0
Grassland,CA,1,0,0
Ahome,MX,1,0,0
Sparwood,CA,1,0,0
St. Albans,CA,1,0,0
Cansahcab,MX,1,0,0
Santa Cruz Del Valle,MX,1,0,0
Valleyview,CA,1,1,100
Perth Road,CA,1,0,0
Togiak,US,1,0,0
Texcatzongo,MX,1,0,0
Texas,MX,1,0,0
Magrath,CA,1,0,0
Bayfield,CA,1,0,0
Sendero de los Pinos,MX,1,1,100
Santa Cruz el Tejocote,MX,1,0,0
Las Brisas,MX,1,0,0
Montreal Lake,CA,1,0,0
Charny,CA,1,0,0
Camino Real,MX,1,0,0
Villas de Santa MÃ³nica,MX,1,0,0
Hatchet Lake,CA,1,0,0
Hartington,CA,1,0,0
Baca,MX,1,0,0
Huatusco,MX,1,0,0
San Miguel Xoxtla,MX,1,0,0
Villas Oriente,MX,1,0,0
Banderilla,MX,1,0,0
San JosÃ© Bellavista de Victoria,MX,1,0,0
Parkhill,CA,1,0,0
Boca del RÃ­o,MX,1,0,0
Burns Lake,CA,1,0,0
Victoria Harbour,CA,1,0,0
Saint-Roch-de-l'Achigan,CA,1,0,0
Portland,CA,1,0,0
Homun,MX,1,0,0
Santa Ana Xalmimilulco,MX,1,0,0
Neebing,CA,1,0,0
Tacubaya,MX,1,1,100
Las Juntas,MX,1,0,0
Villagran,MX,1,0,0
Hannon,CA,1,0,0
San JosÃ© Pathe,MX,1,0,0
Pilot Butte,CA,1,0,0
Coscomatepec de Bravo,MX,1,0,0
Huejutla de Reyes,MX,1,0,0
Almoloya de JuÃ¡rez,MX,1,0,0
Chetwynd,CA,1,0,0
Montpellier,CA,1,0,0
San JosÃ© del Cabo,MX,1,0,0
Grand Falls,CA,1,0,0
Xicotepec,MX,1,1,100
McMasterville,CA,1,0,0
Cadereyta JimÃ©nez,MX,1,0,0
Ocuituco,MX,1,0,0
Little Current,CA,1,0,0
Gorrie,CA,1,0,0
Lac-Kenogami,CA,1,0,0
Bonfield,CA,1,0,0
Rossland,CA,1,0,0
Hearst,CA,1,0,0
Pincher Creek,CA,1,0,0
Valle de Ignacio Allende Centro,MX,1,0,0
Escuinapa de Hidalgo,MX,1,0,0
Estado de MÃ©xico,MX,1,1,100
Primero de Mayo,MX,1,0,0
Valle de Cumbres,MX,1,0,0
Senneville,CA,1,0,0
Glovertown,CA,1,0,0
Deer Valley,CA,1,0,0
Chavinda,MX,1,0,0
Sainte-AdÃ¨le,CA,1,1,100
Casa Rio,CA,1,0,0
Campbellcroft,CA,1,1,100
Chatsworth,CA,1,0,0
Pacho Viejo,MX,1,0,0
San Pedro Totoltepec,MX,1,0,0
Monkton,CA,1,0,0
Supermanzana 299,MX,1,0,0
Rusagonis,CA,1,0,0
Aculco,MX,1,0,0
Coleman,CA,1,1,100
Les CÃ¨dres,CA,1,0,0
General Miguel AlemÃ¡n (Potrero Nuevo),MX,1,0,0
Forest,CA,1,0,0
Centreville,CA,1,1,100
SeÃ±orio San AgustÃ­n,MX,1,0,0
Alberta Beach,CA,1,0,0
Gral. Zuazua,MX,1,0,0
Innerkip,CA,1,0,0
Palgrave,CA,1,0,0
Kejick,CA,1,0,0
Little Britain,CA,1,0,0
Tancitaro,MX,1,0,0
ViÃ±edos RÃ­os,MX,1,0,0
Frankford,CA,1,1,100
Tobermory,CA,1,0,0
Beaverton,CA,1,0,0
ZR,MX,1,1,100
Tixmehuac,MX,1,0,0
Palmer,CA,1,0,0
Rancho Santiago CÃ¡rdenas,MX,1,0,0
Bacalar,MX,1,0,0
Burritts Rapids,CA,1,0,0
Quadeville,CA,1,0,0
Parson,CA,1,0,0
Churchill Falls,CA,1,0,0
Santiago Mitlatongo,MX,1,0,0
Montmartre,CA,1,0,0
Caramat,CA,1,0,0
Annapolis Royal,CA,1,0,0
Santiago Jamiltepec,MX,1,0,0
San Isidro,MX,1,0,0
Cumberland,CA,1,0,0
McDougall,CA,1,0,0
Los Gavilanes,MX,1,0,0
Saint-Ã‰douard-de-LotbiniÃ¨re,CA,1,0,0
Corbeil,CA,1,0,0
Agassiz,CA,1,0,0
Villa Aldama,MX,1,0,0
Nipigon,CA,1,0,0
Cosamaloapan,MX,1,0,0
Floradale,CA,1,0,0
Petrolera Lindavista,MX,1,0,0
Villas Morelos I,MX,1,0,0
Wallenstein,CA,1,0,0
Sabinas,MX,1,1,100
ZacatlÃ¡n,MX,1,0,0
Cordova,US,1,0,0
Saint-Denis-sur-Richelieu,CA,1,0,0
Mazamitla,MX,1,0,0
Port-Cartier,CA,1,1,100
San Felipe Teotlalcingo,MX,1,0,0
San Miguel Octopan,MX,1,0,0
Heroica Ciudad de Huajuapan de LeÃ³n,MX,1,0,0
Huilango,MX,1,0,0
Las Manzanas,MX,1,0,0
Weymouth,CA,1,0,0
Marathon,CA,1,0,0
Tlalixtac de Cabrera,MX,1,0,0
San Luis,MX,1,0,0
San Gregorio,MX,1,0,0
Virden,CA,1,0,0
Memramcook,CA,1,0,0
San Miguel Contla,MX,1,0,0
Blenheim,CA,1,0,0
Southwold,CA,1,0,0
Beaver Bank,CA,1,0,0
Binbrook,CA,1,0,0
San NicolÃ¡s Tolentino,MX,1,0,0
Fairford,CA,1,0,0
Opaskwayak,CA,1,0,0
Mortlach,CA,1,0,0
Hartland,CA,1,0,0
Eckville,CA,1,0,0
San Dionisio Ocotepec,MX,1,0,0
Batawa,CA,1,0,0
Violetas,MX,1,0,0
Val-Morin,CA,1,0,0
La Ronge,CA,1,0,0
Santa Isabel,MX,1,0,0
Beiseker,CA,1,0,0
Xomitla,MX,1,1,100
Nonoalco,MX,1,0,0
Sainte-Brigitte-de-Laval,CA,1,0,0
San Mateo Almomoloa,MX,1,0,0
Ponoka,CA,1,0,0
Albanel,CA,1,0,0
Sexsmith,CA,1,1,100
Holstein,CA,1,0,0
Didsbury,CA,1,0,0
Buchans Junction,CA,1,0,0
Tlaxcoapan,MX,1,0,0
Coleville,CA,1,0,0
PuruÃ¡ndiro,MX,1,0,0
L'Ã‰piphanie,CA,1,0,0
El Terremoto,MX,1,1,100
Amherstview,CA,1,0,0
Souris,CA,1,0,0
Fairview,CA,1,0,0
San Ignacio III,MX,1,0,0
Tepeitic,MX,1,0,0
Saint-Mathieu-de-Laprairie,CA,1,0,0
Tecoh,MX,1,0,0
San Bartolo Teontepec,MX,1,0,0
Ohsweken,CA,1,0,0
St. George Brant,CA,1,0,0
Vicente Lombardo Toledano,MX,1,0,0
MoroleÃ³n,MX,1,0,0
Moser River,CA,1,1,100
Clearwater,CA,1,0,0
Progreso de ObregÃ³n Centro,MX,1,0,0
Villas de San Vicente,MX,1,0,0
Milltown,CA,1,0,0
Teporeachic,MX,1,0,0
Torbay,CA,1,0,0
Maple Creek,CA,1,0,0
Sainte-Martine,CA,1,0,0
TizimÃ­n,MX,1,1,100
Tecolotlan,MX,1,0,0
San Fernando,MX,1,0,0
Alix,CA,1,0,0
Burks Falls,CA,1,0,0
Ario de Rosales,MX,1,0,0
Huitel,MX,1,0,0
Corman Park,CA,1,0,0
RÃ­o Blanco,MX,1,0,0
Privadas del Cobre,MX,1,0,0
Saint-Nazaire-d'Acton,CA,1,0,0
Villa CuauhtÃ©moc,MX,1,0,0
Saint-Louis-du-Ha-Ha,CA,1,0,0
Charo,MX,1,0,0
Sainte-Sabine,CA,1,0,0
Noyan,CA,1,0,0
Tarimoro,MX,1,0,0
Villas de Conkal,MX,1,0,0
Jocotepec,MX,1,0,0
Embro,CA,1,0,0
Conkal,MX,1,0,0
Dubreuilville,CA,1,0,0
Temascalcingo de JosÃ© MarÃ­a Velazco,MX,1,0,0
Wynyard,CA,1,0,0
San Miguel Agua Bendita,MX,1,0,0
Shining Tree,CA,1,0,0
Long Sault,CA,1,0,0
Saucillo,MX,1,0,0
Alexander,CA,1,0,0
Temaxcalapa de Gabino Barreda,MX,1,0,0
Saint-Alban,CA,1,0,0
Heffley Creek,CA,1,0,0
Tixpehual,MX,1,0,0
Sharon,CA,1,0,0
Bancroft,CA,1,0,0
Kleinburg,CA,1,0,0
Deseronto,CA,1,0,0
Stephenville Crossing,CA,1,0,0
Santa Ana Ahuehuepan,MX,1,0,0
Huixtla,MX,1,0,0
Cross Lake,CA,1,0,0
Athens,CA,1,0,0
Huejuquilla el Alto,MX,1,0,0
Palmar,MX,1,0,0
Lefroy,CA,1,0,0
Kaslo,CA,1,0,0
Agua dulce,MX,1,0,0
Damascus,CA,1,0,0
Issoudun,CA,1,0,0
Tepetlaoxtoc de Hidalgo,MX,1,0,0
Jojutla,MX,1,0,0
Hueyapan,MX,1,0,0
Lundar,CA,1,0,0
Santiaguillo,MX,1,0,0
Phelpston,CA,1,0,0
Mashteuiatsh,CA,1,0,0
La Conchita,MX,1,0,0
Seeleys Bay,CA,1,0,0
Salisbury,CA,1,0,0
Xalpa,MX,1,0,0
Santa Ana TepetitlÃ¡n,MX,1,0,0
Sydney Mines,CA,1,1,100
San Gregorio Atzompa,MX,1,0,0
Hillier,CA,1,0,0
Cap-Saint-Ignace,CA,1,0,0
Wendake,CA,1,0,0
Komoka,CA,1,0,0
Los Pilares,MX,1,0,0
Isla,MX,1,0,0
Carmen,MX,1,0,0
Onoway,CA,1,0,0
North Sydney,CA,1,0,0
San Pedro Cuaxoxocatla,MX,1,0,0
San Miguel del Molino,MX,1,0,0
Inverary,CA,1,0,0
Saint-Jacques-le-Mineur,CA,1,0,0
Champlain,CA,1,0,0
Cerro Azul,MX,1,0,0
San CristÃ³bal de las Casas,MX,1,0,0
Callander,CA,1,0,0
Fraserville,CA,1,0,0
Pelly Crossing,CA,1,0,0
Alfredo V. Bonfil,MX,1,0,0
Tenancingo de Degollado,MX,1,0,0
San Luis Mextepec,MX,1,0,0
Sitio del Sol,MX,1,0,0
Sept-ÃŽles,CA,1,1,100
Norton,CA,1,0,0
Tamazolapa,MX,1,0,0
Obrera,MX,1,0,0
Rinconada,MX,1,0,0
Bella Coola,CA,1,0,0
Thorndale,CA,1,0,0
Escobedo,MX,1,0,0
Proton Station,CA,1,0,0
San JuliÃ¡n,MX,1,0,0
Brome,CA,1,0,0
Paseos de Chenku,MX,1,0,0
Atencingo,MX,1,0,0
Lemoyne,CA,1,0,0
Thurso,CA,1,0,0
Sainte-Justine,CA,1,0,0
Minto,CA,1,0,0
San Lorenzo Chiautzingo,MX,1,0,0
TepatitlÃ¡n de Morelos,MX,1,0,0
Villas Huracanes,MX,1,0,0
Wrigley,CA,1,0,0
Longue-Pointe-de-Mingan,CA,1,0,0
Los Coyotes,MX,1,0,0
Cuanajo,MX,1,0,0
Coxcatlan,MX,1,0,0
Arcelia,MX,1,0,0
La Bolita,MX,1,0,0
Ridgeway,CA,1,0,0
Redwood Meadows,CA,1,0,0
Salinas Victoria,MX,1,0,0
Bas-Caraquet,CA,1,0,0
Bridgetown,CA,1,0,0
Val-David,CA,1,1,100
La Aldea,MX,1,0,0
Dolores Hgo. Cuna de la Indep. Nal.,MX,1,0,0
Rosales,MX,1,0,0
Loretto,CA,1,0,0
Gagetown,CA,1,0,0
Alto Lucero,MX,1,0,0
Zona Urbana,MX,1,0,0
Calpulalpan,MX,1,0,0
Bermejillo,MX,1,0,0
Hermanos LeaÃ±os,MX,1,0,0
Acayuca,MX,1,0,0
Petersfield,CA,1,0,0
Stephenfield,CA,1,0,0
PÃ¡tzcuaro,MX,1,0,0
Villa Mercedes,MX,1,0,0
Sainte-Anne-de-la-PÃ©rade,CA,1,0,0
Tierra Colorada,MX,1,0,0
Tapalpa,MX,1,0,0
Frontera,MX,1,0,0
San Miguel Allende,MX,1,0,0
Mount Brydges,CA,1,1,100
Minesing,CA,1,0,0
Tepetlapa,MX,1,0,0
Mascota,MX,1,0,0
Parkland,CA,1,0,0
Tlapa de Comonfort,MX,1,0,0
Bellevue,CA,1,1,100
Petitcodiac,CA,1,0,0
Bowser,CA,1,0,0
San AndrÃ©s,MX,1,0,0
Windermere,CA,1,0,0
Mallorytown,CA,1,0,0
Zimapan,MX,1,0,0
Mapastepec,MX,1,0,0
Mildmay,CA,1,0,0
Saint-Samuel,CA,1,0,0
Fenwick,CA,1,0,0
Enilda,CA,1,0,0
Grand Manan,CA,1,0,0
Belle Ewart,CA,1,0,0
Headingley,CA,1,0,0
San Miguel Tenancingo,MX,1,0,0
ChampotÃ³n,MX,1,0,0
South Bruce Peninsula,CA,1,0,0
CuauhtÃ©moc,MX,1,0,0
Alfred,CA,1,0,0
Stillwater Lake,CA,1,0,0
Harbour Grace,CA,1,0,0
ViÃ±edos,MX,1,0,0
Pichucalco,MX,1,0,0
Dorchester,CA,1,0,0
El TecuÃ¡n,MX,1,0,0
Danville,CA,1,0,0
Troy,CA,1,1,100
Unidad Modelo,MX,1,0,0
Saint-Wenceslas,CA,1,0,0
Aguilera,MX,1,0,0
Camden,CA,1,0,0
Nopalucan de la Granja,MX,1,0,0
Valle del ParaÃ­so,MX,1,1,100
Linares,MX,1,1,100
Sor Juana InÃ©s de la Cruz,MX,1,0,0
San Miguel Xaltocan,MX,1,0,0
Lucan,CA,1,1,100
San Jose de Gracia,MX,1,0,0
Villas Santa Esther,MX,1,0,0
McLennan,CA,1,0,0
Alvarado,MX,1,1,100
Valle de Lerma,MX,1,0,0
Santa MarÃ­a Coronango,MX,1,0,0
Nuevo Leon,MX,1,0,0
Ilderton,CA,1,0,0
Teocelo,MX,1,0,0
LeÃ³n Bejarano,MX,1,0,0
Duffield,CA,1,1,100
Dundalk,CA,1,0,0
San AndrÃ©s Tuxtla,MX,1,0,0
Louiseville,CA,1,0,0
Loma Linda,MX,1,0,0
Cap-aux-Meules,CA,1,0,0
Sebringville,CA,1,0,0
Saint-Anselme,CA,1,0,0
Valenzuela Hermanos,MX,1,0,0
Domingo Arenas,MX,1,0,0
Saint-Armand,CA,1,0,0
El Centenario,MX,1,0,0
Vistas del Sol,MX,1,0,0
Ciudad Mendoza Centro,MX,1,0,0
Santiago Niltepec,MX,1,0,0
Gillam,CA,1,0,0
Gabriel Leyva Solano,MX,1,0,0
Tepeapulco,MX,1,0,0
Apaxco de Ocampo,MX,1,0,0
Kettleby,CA,1,0,0
Santa BÃ¡rbara,MX,1,0,0
Birch Island,CA,1,0,0
Villas SantÃ­n,MX,1,0,0
Villa de Reyes,MX,1,0,0
Ocosingo,MX,1,0,0
Santiago Tlacochcalco,MX,1,0,0
Tecomalucan,MX,1,0,0
Scandia,CA,1,0,0
Xico,MX,1,0,0
Southampton,CA,1,0,0
Yarker,CA,1,0,0
Vulcan,CA,1,0,0
Munitepec de Madero,MX,1,0,0
Shawville,CA,1,0,0
Piedra Parada,MX,1,0,0
Tlacotepec de Benito JuÃ¡rez,MX,1,0,0
Ma-Me-O Beach,CA,1,0,0
Valle de Encinos,MX,1,0,0
Tlaxopa,MX,1,1,100
Vankleek Hill,CA,1,0,0
San Higinio,MX,1,0,0
San Pedro Buenavista,MX,1,0,0
Whitefish Falls,CA,1,0,0
San Francisco Totoltepec,MX,1,0,0
Castor,CA,1,0,0
ViÃ±a Antigua,MX,1,0,0
Kinburn,CA,1,0,0
Patzcuaro,MX,1,0,0
Prescott,CA,1,0,0
Villafuerte,MX,1,0,0
Watson Lake,CA,1,0,0
San Vicente de Melones,MX,1,0,0
Slocan,CA,1,1,100
Arellano,MX,1,0,0
New Dundee,CA,1,0,0
El Polvo,MX,1,0,0
Grand Mira South,CA,1,0,0
Haut-Sheila,CA,1,0,0
El Naranjo,MX,1,0,0
Madoc,CA,1,0,0
Stirling,CA,1,0,0
Plympton-Wyoming,CA,1,0,0
Chapulco,MX,1,0,0
Dunsford,CA,1,1,100
Perote,MX,1,0,0
Baie-Saint-Paul,CA,1,0,0
XiloxÃºchitl,MX,1,0,0
Alpuyeca,MX,1,0,0
Saint-FÃ©licien,CA,1,0,0
Nacajuca,MX,1,0,0
Emsdale,CA,1,0,0
Saint-Polycarpe,CA,1,0,0
Wasagamack,CA,1,0,0